,cell_id,expt_date,layer_name,cell_type,recorder_name,full_path,abf_version,num_sweeps,resp_chan,resp_gain,resp_offset,resp_sampling_rate,rmp_error,rmp_val,stim_amp_vec,stim_chan,stim_duration,stim_end_time,stim_gain,stim_name,stim_path,stim_sampling_rate,stim_start_time,valid_stim
0,13n05011.abf,2013-11-05,L5,Pyr,Homeira,/Users/stripathy/Downloads/valiante_lab_ephys_mar_2020/L5/Homeira/Total5Homeira-Last-Version - without 2020 Data/13n05011.abf,1.8.3.0,15,0,20.0,0.0,10000,0.15868879684729364,-54.937741531222294,[-400. -350. -300. ...  200.  250.  300.],0,0.6,0.7321000000000001,1000.0,sweepC,/Users/stripathy/Downloads/valiante_lab_ephys_mar_2020/L5/Homeira/Total5Homeira-Last-Version - without 2020 Data/13n05011.abf,10000,0.1322,True
1,13n21007.abf,2013-11-21,L5,Pyr,Homeira,/Users/stripathy/Downloads/valiante_lab_ephys_mar_2020/L5/Homeira/Total5Homeira-Last-Version - without 2020 Data/13n21007.abf,1.8.3.0,15,0,50.0,0.0,10000,3.6773653541930003,-59.158322385443,[-400. -350. -300. ...  200.  250.  300.],0,0.6,0.7321000000000001,1000.0,sweepC,/Users/stripathy/Downloads/valiante_lab_ephys_mar_2020/L5/Homeira/Total5Homeira-Last-Version - without 2020 Data/13n21007.abf,10000,0.1322,True
2,13d02004.abf,2013-12-02,L5,Pyr,Homeira,/Users/stripathy/Downloads/valiante_lab_ephys_mar_2020/L5/Homeira/Total5Homeira-Last-Version - without 2020 Data/13d02004.abf,1.8.3.0,15,0,20.0,0.0,10000,2.288815553709,-59.069821413084,[-400. -350. -300. ...  200.  250.  300.],0,0.6,0.7647,1000.0,sweepC,/Users/stripathy/Downloads/valiante_lab_ephys_mar_2020/L5/Homeira/Total5Homeira-Last-Version - without 2020 Data/13d02004.abf,10000,0.1648,True
3,13d02022.abf,2013-12-02,L5,Pyr,Homeira,/Users/stripathy/Downloads/valiante_lab_ephys_mar_2020/L5/Homeira/Total5Homeira-Last-Version - without 2020 Data/13d02022.abf,1.8.3.0,15,0,20.0,0.0,10000,1.04980162730061,-64.42870787730061,[-400. -350. -300. ...  200.  250.  300.],0,0.6,0.7647,1000.0,sweepC,/Users/stripathy/Downloads/valiante_lab_ephys_mar_2020/L5/Homeira/Total5Homeira-Last-Version - without 2020 Data/13d02022.abf,10000,0.1648,True
4,13d02049.abf,2013-12-02,L5,Pyr,Homeira,/Users/stripathy/Downloads/valiante_lab_ephys_mar_2020/L5/Homeira/Total5Homeira-Last-Version - without 2020 Data/13d02049.abf,1.8.3.0,15,0,20.0,0.0,10000,1.7890625,-57.0,[-400. -350. -300. ...  200.  250.  300.],0,0.6,0.7647,1000.0,sweepC,/Users/stripathy/Downloads/valiante_lab_ephys_mar_2020/L5/Homeira/Total5Homeira-Last-Version - without 2020 Data/13d02049.abf,10000,0.1648,True
5,13d03005.abf,2013-12-03,L5,Pyr,Homeira,/Users/stripathy/Downloads/valiante_lab_ephys_mar_2020/L5/Homeira/Total5Homeira-Last-Version - without 2020 Data/13d03005.abf,1.8.3.0,15,0,20.0,0.0,10000,2.984616114343993,-63.71459658309399,[-400. -350. -300. ...  200.  250.  300.],0,0.6,0.7647,1000.0,sweepC,/Users/stripathy/Downloads/valiante_lab_ephys_mar_2020/L5/Homeira/Total5Homeira-Last-Version - without 2020 Data/13d03005.abf,10000,0.1648,True
6,13d03007.abf,2013-12-03,L5,Pyr,Homeira,/Users/stripathy/Downloads/valiante_lab_ephys_mar_2020/L5/Homeira/Total5Homeira-Last-Version - without 2020 Data/13d03007.abf,1.8.3.0,15,0,20.0,0.0,10000,3.710934818121899,-56.4636203649969,[-400. -350. -300. ...  200.  250.  300.],0,0.6,0.7647,1000.0,sweepC,/Users/stripathy/Downloads/valiante_lab_ephys_mar_2020/L5/Homeira/Total5Homeira-Last-Version - without 2020 Data/13d03007.abf,10000,0.1648,True
7,13d03008.abf,2013-12-03,L5,Pyr,Homeira,/Users/stripathy/Downloads/valiante_lab_ephys_mar_2020/L5/Homeira/Total5Homeira-Last-Version - without 2020 Data/13d03008.abf,1.8.3.0,15,0,20.0,0.0,10000,3.802487416823098,-59.3200655418231,[-400. -350. -300. ...  200.  250.  300.],0,0.6,0.7647,1000.0,sweepC,/Users/stripathy/Downloads/valiante_lab_ephys_mar_2020/L5/Homeira/Total5Homeira-Last-Version - without 2020 Data/13d03008.abf,10000,0.1648,True
8,13d03029.abf,2013-12-03,L5,Pyr,Homeira,/Users/stripathy/Downloads/valiante_lab_ephys_mar_2020/L5/Homeira/Total5Homeira-Last-Version - without 2020 Data/13d03029.abf,1.8.3.0,15,0,20.0,0.0,10000,3.710934818121899,-56.4636203649969,[-400. -350. -300. ...  200.  250.  300.],0,0.6,0.7647,1000.0,sweepC,/Users/stripathy/Downloads/valiante_lab_ephys_mar_2020/L5/Homeira/Total5Homeira-Last-Version - without 2020 Data/13d03029.abf,10000,0.1648,True
9,13d03040.abf,2013-12-03,L5,Pyr,Homeira,/Users/stripathy/Downloads/valiante_lab_ephys_mar_2020/L5/Homeira/Total5Homeira-Last-Version - without 2020 Data/13d03040.abf,1.8.3.0,15,0,20.0,0.0,10000,1.23046875,-60.0,[-400. -350. -300. ...  200.  250.  300.],0,0.6,0.7647,1000.0,sweepC,/Users/stripathy/Downloads/valiante_lab_ephys_mar_2020/L5/Homeira/Total5Homeira-Last-Version - without 2020 Data/13d03040.abf,10000,0.1648,True
18,20131211_600_1_0190.abf,2013-12-11,L5,Pyr,Homeira,/Users/stripathy/Downloads/valiante_lab_ephys_mar_2020/L5/Homeira/Total5Homeira-Last-Version - without 2020 Data/20131211_600_1_0190.abf,1.8.3.0,15,0,20.0,0.0,10000,0.03266601562499716,-67.8,[-400. -350. -300. ...  200.  250.  300.],0,0.6,0.7647,1000.0,sweepC,/Users/stripathy/Downloads/valiante_lab_ephys_mar_2020/L5/Homeira/Total5Homeira-Last-Version - without 2020 Data/20131211_600_1_0190.abf,10000,0.1648,True
17,20131211_600_1_0184.abf,2013-12-11,L5,Pyr,Homeira,/Users/stripathy/Downloads/valiante_lab_ephys_mar_2020/L5/Homeira/Total5Homeira-Last-Version - without 2020 Data/20131211_600_1_0184.abf,1.8.3.0,15,0,25.0,0.0,10000,6.06537162673235,-62.6220673381114,[-400. -350. -300. ...  200.  250.  300.],0,0.6,0.7647,1000.0,sweepC,/Users/stripathy/Downloads/valiante_lab_ephys_mar_2020/L5/Homeira/Total5Homeira-Last-Version - without 2020 Data/20131211_600_1_0184.abf,10000,0.1648,True
16,20131211_600_1_0160.abf,2013-12-11,L5,Pyr,Homeira,/Users/stripathy/Downloads/valiante_lab_ephys_mar_2020/L5/Homeira/Total5Homeira-Last-Version - without 2020 Data/20131211_600_1_0160.abf,1.8.3.0,15,0,20.0,0.0,10000,0.897705078125,-62.0,[-400. -350. -300. ...  200.  250.  300.],0,0.6,0.7647,1000.0,sweepC,/Users/stripathy/Downloads/valiante_lab_ephys_mar_2020/L5/Homeira/Total5Homeira-Last-Version - without 2020 Data/20131211_600_1_0160.abf,10000,0.1648,True
15,20131211_600_1_0108.abf,2013-12-11,L5,Pyr,Homeira,/Users/stripathy/Downloads/valiante_lab_ephys_mar_2020/L5/Homeira/Total5Homeira-Last-Version - without 2020 Data/20131211_600_1_0108.abf,1.8.3.0,15,0,20.0,0.0,10000,2.49267578125,-65.0,[-400. -350. -300. ...  200.  250.  300.],0,0.6,0.7647,1000.0,sweepC,/Users/stripathy/Downloads/valiante_lab_ephys_mar_2020/L5/Homeira/Total5Homeira-Last-Version - without 2020 Data/20131211_600_1_0108.abf,10000,0.1648,True
11,20131211_600_1_0042.abf,2013-12-11,L5,Pyr,Homeira,/Users/stripathy/Downloads/valiante_lab_ephys_mar_2020/L5/Homeira/Total5Homeira-Last-Version - without 2020 Data/20131211_600_1_0042.abf,1.8.3.0,15,0,20.0,0.0,10000,0.7365234374999972,-59.2,[-400. -350. -300. ...  200.  250.  300.],0,0.6,0.7647,1000.0,sweepC,/Users/stripathy/Downloads/valiante_lab_ephys_mar_2020/L5/Homeira/Total5Homeira-Last-Version - without 2020 Data/20131211_600_1_0042.abf,10000,0.1648,True
13,20131211_600_1_0067.abf,2013-12-11,L5,Pyr,Homeira,/Users/stripathy/Downloads/valiante_lab_ephys_mar_2020/L5/Homeira/Total5Homeira-Last-Version - without 2020 Data/20131211_600_1_0067.abf,1.8.3.0,15,0,20.0,0.0,10000,0.3585449218750014,-58.4,[-400. -350. -300. ...  200.  250.  300.],0,0.6,0.7647,1000.0,sweepC,/Users/stripathy/Downloads/valiante_lab_ephys_mar_2020/L5/Homeira/Total5Homeira-Last-Version - without 2020 Data/20131211_600_1_0067.abf,10000,0.1648,True
12,20131211_600_1_0066.abf,2013-12-11,L5,Pyr,Homeira,/Users/stripathy/Downloads/valiante_lab_ephys_mar_2020/L5/Homeira/Total5Homeira-Last-Version - without 2020 Data/20131211_600_1_0066.abf,1.8.3.0,15,0,20.0,0.0,10000,1.1718716684529085,-70.14159823095291,[-400. -350. -300. ...  200.  250.  300.],0,0.6,0.7647,1000.0,sweepC,/Users/stripathy/Downloads/valiante_lab_ephys_mar_2020/L5/Homeira/Total5Homeira-Last-Version - without 2020 Data/20131211_600_1_0066.abf,10000,0.1648,True
10,20131211_600_1_0002.abf,2013-12-11,L5,Pyr,Homeira,/Users/stripathy/Downloads/valiante_lab_ephys_mar_2020/L5/Homeira/Total5Homeira-Last-Version - without 2020 Data/20131211_600_1_0002.abf,1.8.3.0,15,0,20.0,0.0,10000,1.440426725577204,-62.359616178702204,[-400. -350. -300. ...  200.  250.  300.],0,0.6,0.7647,1000.0,sweepC,/Users/stripathy/Downloads/valiante_lab_ephys_mar_2020/L5/Homeira/Total5Homeira-Last-Version - without 2020 Data/20131211_600_1_0002.abf,10000,0.1648,True
14,20131211_600_1_0081.abf,2013-12-11,L5,Pyr,Homeira,/Users/stripathy/Downloads/valiante_lab_ephys_mar_2020/L5/Homeira/Total5Homeira-Last-Version - without 2020 Data/20131211_600_1_0081.abf,1.8.3.0,15,0,20.0,0.0,10000,0.4327636718750014,-59.4,[-400. -350. -300. ...  200.  250.  300.],0,0.6,0.7647,1000.0,sweepC,/Users/stripathy/Downloads/valiante_lab_ephys_mar_2020/L5/Homeira/Total5Homeira-Last-Version - without 2020 Data/20131211_600_1_0081.abf,10000,0.1648,True
19,20140127_600_1_0118.abf,2014-01-27,L5,Pyr,Homeira,/Users/stripathy/Downloads/valiante_lab_ephys_mar_2020/L5/Homeira/Total5Homeira-Last-Version - without 2020 Data/20140127_600_1_0118.abf,1.8.3.0,15,0,20.0,0.0,10000,1.259765625,-65.0,[-400. -350. -300. ...  200.  250.  300.],0,0.6,0.7647,1000.0,sweepC,/Users/stripathy/Downloads/valiante_lab_ephys_mar_2020/L5/Homeira/Total5Homeira-Last-Version - without 2020 Data/20140127_600_1_0118.abf,10000,0.1648,True
20,20140127_600_1_0158.abf,2014-01-27,L5,Pyr,Homeira,/Users/stripathy/Downloads/valiante_lab_ephys_mar_2020/L5/Homeira/Total5Homeira-Last-Version - without 2020 Data/20140127_600_1_0158.abf,1.8.3.0,15,0,20.0,0.0,10000,2.191158676072405,-72.2839321135724,[-400. -350. -300. ...  200.  250.  300.],0,0.6,0.7647,1000.0,sweepC,/Users/stripathy/Downloads/valiante_lab_ephys_mar_2020/L5/Homeira/Total5Homeira-Last-Version - without 2020 Data/20140127_600_1_0158.abf,10000,0.1648,True
22,14304311.abf,2014-03-04,L2.3,Pyr,Lihua,/Users/stripathy/Downloads/valiante_lab_ephys_mar_2020/L23/Lihua/Totallayer2-Lihua-lastversion/14304311.abf,2.0.0.0,30,0,1.0,0.0,10000,1.7735146968789195e-06,-79.3457048985147,[-400. -375. -350. ...  275.  300.  325.],0,0.6,0.66556,1.0,sweepC,/Users/stripathy/Downloads/valiante_lab_ephys_mar_2020/L5/Lihua/TotalL5-Lihua-Lastversion/14617300.abf,25000,0.0656,True
21,14304300.abf,2014-03-04,L2.3,Pyr,Lihua,/Users/stripathy/Downloads/valiante_lab_ephys_mar_2020/L23/Lihua/Totallayer2-Lihua-lastversion/14304300.abf,2.0.0.0,30,0,1.0,0.0,10000,1.434327588640393,-63.38501118239039,[-400. -375. -350. ...  275.  300.  325.],0,0.6,0.66556,1.0,sweepC,/Users/stripathy/Downloads/valiante_lab_ephys_mar_2020/L5/Lihua/TotalL5-Lihua-Lastversion/14617300.abf,25000,0.0656,True
24,14317320.abf,2014-03-17,L2.3,Pyr,Lihua,/Users/stripathy/Downloads/valiante_lab_ephys_mar_2020/L23/Lihua/Totallayer2-Lihua-lastversion/14317320.abf,2.0.0.0,30,0,1.0,0.0,10000,0.2899186459899994,-73.989869817865,[-400. -375. -350. ...  275.  300.  325.],0,0.6,0.66556,1.0,sweepC,/Users/stripathy/Downloads/valiante_lab_ephys_mar_2020/L5/Lihua/TotalL5-Lihua-Lastversion/14617300.abf,25000,0.0656,True
25,14317348.abf,2014-03-17,L2.3,Pyr,Lihua,/Users/stripathy/Downloads/valiante_lab_ephys_mar_2020/L23/Lihua/Totallayer2-Lihua-lastversion/14317348.abf,2.0.0.0,30,0,1.0,0.0,10000,1.0223405070065041,-73.364259452319,[-400. -375. -350. ...  275.  300.  325.],0,0.6,0.66556,1.0,sweepC,/Users/stripathy/Downloads/valiante_lab_ephys_mar_2020/L5/Lihua/TotalL5-Lihua-Lastversion/14617300.abf,25000,0.0656,True
23,14317300.abf,2014-03-17,L2.3,Pyr,Lihua,/Users/stripathy/Downloads/valiante_lab_ephys_mar_2020/L23/Lihua/Totallayer2-Lihua-lastversion/14317300.abf,2.0.0.0,30,0,1.0,0.0,10000,0.6713883909697103,-74.81384444565721,[-400. -375. -350. ...  275.  300.  325.],0,0.6,0.66556,1.0,sweepC,/Users/stripathy/Downloads/valiante_lab_ephys_mar_2020/L5/Lihua/TotalL5-Lihua-Lastversion/14617300.abf,25000,0.0656,True
26,14318308.abf,2014-03-18,L2.3,Pyr,Lihua,/Users/stripathy/Downloads/valiante_lab_ephys_mar_2020/L23/Lihua/Totallayer2-Lihua-lastversion/14318308.abf,2.0.0.0,30,0,1.0,0.0,10000,1.5106217437050873,-72.76916666558009,[-400. -375. -350. ...  275.  300.  325.],0,0.6,0.66556,1.0,sweepC,/Users/stripathy/Downloads/valiante_lab_ephys_mar_2020/L5/Lihua/TotalL5-Lihua-Lastversion/14617300.abf,25000,0.0656,True
27,14408304.abf,2014-04-08,L2.3,Pyr,Lihua,/Users/stripathy/Downloads/valiante_lab_ephys_mar_2020/L23/Lihua/Totallayer2-Lihua-lastversion/14408304.abf,2.0.0.0,25,0,1.0,0.0,10000,4.013063251250102,-77.3010271184376,[0. 0. 0. ... 0. 0. 0.],0,1.0,0.9999,1000.0,sweepC,/Users/stripathy/Downloads/valiante_lab_ephys_mar_2020/L23/Lihua/Totallayer2-Lihua-lastversion/14408304.abf,10000,0.0,False
28,14424000.abf,2014-04-22,L5,Pyr,Lihua,/Users/stripathy/Downloads/valiante_lab_ephys_mar_2020/L5/Lihua/TotalL5-Lihua-Lastversion/14424000.abf,2.0.0.0,25,0,1.0,0.0,25000,1.6548255956649882e-06,-74.0356461860756,[-400. -375. -350. ...  150.  175.  200.],0,0.6,0.66556,1.0,sweepC,/Users/stripathy/Downloads/valiante_lab_ephys_mar_2020/L5/Lihua/TotalL5-Lihua-Lastversion/14424000.abf,25000,0.0656,True
29,14424329.abf,2014-04-22,L5,Pyr,Lihua,/Users/stripathy/Downloads/valiante_lab_ephys_mar_2020/L5/Lihua/TotalL5-Lihua-Lastversion/14424329.abf,2.0.0.0,30,0,1.0,0.0,25000,0.381471381047092,-74.02038739667209,[-400. -375. -350. ...  275.  300.  325.],0,0.6,0.66556,1.0,sweepC,/Users/stripathy/Downloads/valiante_lab_ephys_mar_2020/L5/Lihua/TotalL5-Lihua-Lastversion/14424329.abf,25000,0.0656,True
30,14424335.abf,2014-04-22,L5,Pyr,Lihua,/Users/stripathy/Downloads/valiante_lab_ephys_mar_2020/L5/Lihua/TotalL5-Lihua-Lastversion/14424335.abf,2.0.0.0,30,0,1.0,0.0,10000,1.614239408809226e-06,-72.21985024705191,[-400. -375. -350. ...  275.  300.  325.],0,0.6,0.66556,1.0,sweepC,/Users/stripathy/Downloads/valiante_lab_ephys_mar_2020/L5/Lihua/TotalL5-Lihua-Lastversion/14617300.abf,25000,0.0656,True
35,14515374.abf,2014-05-15,L5,Pyr,Lihua,/Users/stripathy/Downloads/valiante_lab_ephys_mar_2020/L5/Lihua/TotalL5-Lihua-Lastversion/14515374.abf,2.0.0.0,30,0,1.0,0.0,10000,0.37841946013939776,-66.7236343038894,[-400. -375. -350. ...  275.  300.  325.],0,0.6,0.66556,1.0,sweepC,/Users/stripathy/Downloads/valiante_lab_ephys_mar_2020/L5/Lihua/TotalL5-Lihua-Lastversion/14617300.abf,25000,0.0656,True
31,14515300.abf,2014-05-15,L5,Pyr,Lihua,/Users/stripathy/Downloads/valiante_lab_ephys_mar_2020/L5/Lihua/TotalL5-Lihua-Lastversion/14515300.abf,2.0.0.0,30,0,1.0,0.0,25000,1.559328694611395e-06,-69.7631851530787,[-400. -375. -350. ...  275.  300.  325.],0,0.6,0.66556,1.0,sweepC,/Users/stripathy/Downloads/valiante_lab_ephys_mar_2020/L5/Lihua/TotalL5-Lihua-Lastversion/14515300.abf,25000,0.0656,True
32,14515323.abf,2014-05-15,L5,Pyr,Lihua,/Users/stripathy/Downloads/valiante_lab_ephys_mar_2020/L5/Lihua/TotalL5-Lihua-Lastversion/14515323.abf,2.0.0.0,20,0,1.0,0.0,10000,2.197267161136594,-68.7255874736366,[0. 0. 0. ... 0. 0. 0.],0,1.0,0.9999,1000.0,sweepC,/Users/stripathy/Downloads/valiante_lab_ephys_mar_2020/L5/Lihua/TotalL5-Lihua-Lastversion/14515323.abf,10000,0.0,False
33,14515349.abf,2014-05-15,L5,Pyr,Lihua,/Users/stripathy/Downloads/valiante_lab_ephys_mar_2020/L5/Lihua/TotalL5-Lihua-Lastversion/14515349.abf,2.0.0.0,30,0,1.0,0.0,10000,0.6347671504955059,-68.2495132442455,[-400. -375. -350. ...  275.  300.  325.],0,0.6,0.66556,1.0,sweepC,/Users/stripathy/Downloads/valiante_lab_ephys_mar_2020/L5/Lihua/TotalL5-Lihua-Lastversion/14617300.abf,25000,0.0656,True
34,14515372.abf,2014-05-15,L5,Pyr,Lihua,/Users/stripathy/Downloads/valiante_lab_ephys_mar_2020/L5/Lihua/TotalL5-Lihua-Lastversion/14515372.abf,2.0.0.0,30,0,1.0,0.0,10000,1.7679212902521613e-06,-79.09546075229629,[-400. -375. -350. ...  275.  300.  325.],0,0.6,0.66556,1.0,sweepC,/Users/stripathy/Downloads/valiante_lab_ephys_mar_2020/L5/Lihua/TotalL5-Lihua-Lastversion/14617300.abf,25000,0.0656,True
36,14515424.abf,2014-05-15,L5,Pyr,Lihua,/Users/stripathy/Downloads/valiante_lab_ephys_mar_2020/L5/Lihua/TotalL5-Lihua-Lastversion/14515424.abf,2.0.0.0,25,0,1.0,0.0,25000,0.518800627901399,-80.5206316825889,[0. 0. 0. ... 0. 0. 0.],1,1.0,0.9999600000000001,1000.0,sweepC,/Users/stripathy/Downloads/valiante_lab_ephys_mar_2020/L5/Lihua/TotalL5-Lihua-Lastversion/14515424.abf,25000,0.0,False
38,14520332.abf,2014-05-20,L5,Pyr,Lihua,/Users/stripathy/Downloads/valiante_lab_ephys_mar_2020/L5/Lihua/TotalL5-Lihua-Lastversion/14520332.abf,2.0.0.0,30,0,1.0,0.0,25000,0.7324236174782044,-77.9571550627907,[-400. -375. -350. ...  275.  300.  325.],0,0.6,0.66556,1.0,sweepC,/Users/stripathy/Downloads/valiante_lab_ephys_mar_2020/L5/Lihua/TotalL5-Lihua-Lastversion/14617300.abf,25000,0.0656,True
37,14520300.abf,2014-05-20,L5,Pyr,Lihua,/Users/stripathy/Downloads/valiante_lab_ephys_mar_2020/L5/Lihua/TotalL5-Lihua-Lastversion/14520300.abf,2.0.0.0,30,0,1.0,0.0,25000,1.6786999026408012e-06,-75.1037614443249,[-400. -375. -350. ...  275.  300.  325.],0,0.6,0.66556,1.0,sweepC,/Users/stripathy/Downloads/valiante_lab_ephys_mar_2020/L5/Lihua/TotalL5-Lihua-Lastversion/14617300.abf,25000,0.0656,True
39,14605300.abf,2014-06-05,L5,Int,Lihua,/Users/stripathy/Downloads/valiante_lab_ephys_mar_2020/L5/Lihua/TotalL5-Lihua-Lastversion/14605300.abf,2.0.0.0,30,0,1.0,0.0,25000,3.5705582449737108,-71.77734535434871,[-400. -375. -350. ...  275.  300.  325.],0,0.6,0.66556,1.0,sweepC,/Users/stripathy/Downloads/valiante_lab_ephys_mar_2020/L5/Lihua/TotalL5-Lihua-Lastversion/14605300.abf,25000,0.0656,True
40,14605321.abf,2014-06-05,L5,Int,Lihua,/Users/stripathy/Downloads/valiante_lab_ephys_mar_2020/L5/Lihua/TotalL5-Lihua-Lastversion/14605321.abf,2.0.0.0,30,0,1.0,0.0,25000,1.8463152572395103,-79.66613947598951,[-400. -375. -350. ...  275.  300.  325.],0,0.6,0.66556,1.0,sweepC,/Users/stripathy/Downloads/valiante_lab_ephys_mar_2020/L5/Lihua/TotalL5-Lihua-Lastversion/14605321.abf,25000,0.0656,True
41,14605325.abf,2014-06-05,L5,Int,Lihua,/Users/stripathy/Downloads/valiante_lab_ephys_mar_2020/L5/Lihua/TotalL5-Lihua-Lastversion/14605325.abf,2.0.0.0,30,0,1.0,0.0,25000,2.105714537947293,-73.69995281919729,[-400. -375. -350. ...  275.  300.  325.],0,0.6,0.66556,1.0,sweepC,/Users/stripathy/Downloads/valiante_lab_ephys_mar_2020/L5/Lihua/TotalL5-Lihua-Lastversion/14605325.abf,25000,0.0656,True
42,14605338.abf,2014-06-05,L5,Int,Lihua,/Users/stripathy/Downloads/valiante_lab_ephys_mar_2020/L5/Lihua/TotalL5-Lihua-Lastversion/14605338.abf,2.0.0.0,30,0,1.0,0.0,25000,1.4343279661944166,-80.27649105213192,[-400. -375. -350. ...  275.  300.  325.],0,0.6,0.66556,1.0,sweepC,/Users/stripathy/Downloads/valiante_lab_ephys_mar_2020/L5/Lihua/TotalL5-Lihua-Lastversion/14605338.abf,25000,0.0656,True
43,14605349.abf,2014-06-05,L5,Int,Lihua,/Users/stripathy/Downloads/valiante_lab_ephys_mar_2020/L5/Lihua/TotalL5-Lihua-Lastversion/14605349.abf,2.0.0.0,30,0,1.0,0.0,25000,2.136232294446998,-81.6802996772595,[-400. -375. -350. ...  275.  300.  325.],0,0.6,0.66556,1.0,sweepC,/Users/stripathy/Downloads/valiante_lab_ephys_mar_2020/L5/Lihua/TotalL5-Lihua-Lastversion/14605349.abf,25000,0.0656,True
44,14617300.abf,2014-06-17,L5,Int,Lihua,/Users/stripathy/Downloads/valiante_lab_ephys_mar_2020/L5/Lihua/TotalL5-Lihua-Lastversion/14617300.abf,2.0.0.0,30,0,1.0,0.0,25000,3.1433120315113996,-66.4215102736989,[-400. -375. -350. ...  275.  300.  325.],0,0.6,0.66556,1.0,sweepC,/Users/stripathy/Downloads/valiante_lab_ephys_mar_2020/L5/Lihua/TotalL5-Lihua-Lastversion/14617300.abf,25000,0.0656,True
45,14617312.abf,2014-06-17,L5,Int,Lihua,/Users/stripathy/Downloads/valiante_lab_ephys_mar_2020/L5/Lihua/TotalL5-Lihua-Lastversion/14617312.abf,2.0.0.0,30,0,1.0,0.0,25000,2.1362320771914085,-71.96045082719141,[-400. -375. -350. ...  275.  300.  325.],0,0.6,0.66556,1.0,sweepC,/Users/stripathy/Downloads/valiante_lab_ephys_mar_2020/L5/Lihua/TotalL5-Lihua-Lastversion/14617312.abf,25000,0.0656,True
48,14624325.abf,2014-06-24,L5,Pyr,Lihua,/Users/stripathy/Downloads/valiante_lab_ephys_mar_2020/L5/Lihua/TotalL5-Lihua-Lastversion/14624325.abf,2.0.0.0,30,0,1.0,0.0,25000,1.3580339731334021,-78.1402605356334,[-400. -375. -350. ...  275.  300.  325.],0,0.6,0.66556,1.0,sweepC,/Users/stripathy/Downloads/valiante_lab_ephys_mar_2020/L5/Lihua/TotalL5-Lihua-Lastversion/14624325.abf,25000,0.0656,True
49,14624359.abf,2014-06-24,L5,Pyr,Lihua,/Users/stripathy/Downloads/valiante_lab_ephys_mar_2020/L5/Lihua/TotalL5-Lihua-Lastversion/14624359.abf,2.0.0.0,30,0,1.0,0.0,10000,0.7629410844175055,-72.98278971723,[-400. -375. -350. ...  275.  300.  325.],0,0.6,0.66556,1.0,sweepC,/Users/stripathy/Downloads/valiante_lab_ephys_mar_2020/L5/Lihua/TotalL5-Lihua-Lastversion/14617300.abf,25000,0.0656,True
46,14624300.abf,2014-06-24,L5,Pyr,Lihua,/Users/stripathy/Downloads/valiante_lab_ephys_mar_2020/L5/Lihua/TotalL5-Lihua-Lastversion/14624300.abf,2.0.0.0,30,0,1.0,0.0,10000,2.2430436190462046,-72.7844254549837,[-400. -375. -350. ...  275.  300.  325.],0,0.6,0.66556,1.0,sweepC,/Users/stripathy/Downloads/valiante_lab_ephys_mar_2020/L5/Lihua/TotalL5-Lihua-Lastversion/14617300.abf,25000,0.0656,True
47,14624311.abf,2014-06-24,L5,Pyr,Lihua,/Users/stripathy/Downloads/valiante_lab_ephys_mar_2020/L5/Lihua/TotalL5-Lihua-Lastversion/14624311.abf,2.0.0.0,30,0,1.0,0.0,10000,1.7431602969963933e-06,-77.9876726415978,[-400. -375. -350. ...  275.  300.  325.],0,0.6,0.66556,1.0,sweepC,/Users/stripathy/Downloads/valiante_lab_ephys_mar_2020/L5/Lihua/TotalL5-Lihua-Lastversion/14617300.abf,25000,0.0656,True
50,14624371.abf,2014-06-24,L5,Pyr,Lihua,/Users/stripathy/Downloads/valiante_lab_ephys_mar_2020/L5/Lihua/TotalL5-Lihua-Lastversion/14624371.abf,2.0.0.0,30,0,1.0,0.0,10000,0.2746599370767058,-77.5756853277017,[-400. -375. -350. ...  275.  300.  325.],0,0.6,0.66556,1.0,sweepC,/Users/stripathy/Downloads/valiante_lab_ephys_mar_2020/L5/Lihua/TotalL5-Lihua-Lastversion/14617300.abf,25000,0.0656,True
52,14626311.abf,2014-06-26,L5,Pyr,Lihua,/Users/stripathy/Downloads/valiante_lab_ephys_mar_2020/L5/Lihua/TotalL5-Lihua-Lastversion/14626311.abf,2.0.0.0,30,0,1.0,0.0,10000,1.6950708072727139e-06,-75.83618333569581,[-400. -375. -350. ...  275.  300.  325.],0,0.6,0.66556,1.0,sweepC,/Users/stripathy/Downloads/valiante_lab_ephys_mar_2020/L5/Lihua/TotalL5-Lihua-Lastversion/14617300.abf,25000,0.0656,True
51,14626300.abf,2014-06-26,L5,Pyr,Lihua,/Users/stripathy/Downloads/valiante_lab_ephys_mar_2020/L5/Lihua/TotalL5-Lihua-Lastversion/14626300.abf,2.0.0.0,30,0,1.0,0.0,10000,1.7089858384907046,-65.4754653306782,[-400. -375. -350. ...  275.  300.  325.],0,0.6,0.66556,1.0,sweepC,/Users/stripathy/Downloads/valiante_lab_ephys_mar_2020/L5/Lihua/TotalL5-Lihua-Lastversion/14617300.abf,25000,0.0656,True
53,14715300.abf,2014-07-15,L5,Pyr,Lihua,/Users/stripathy/Downloads/valiante_lab_ephys_mar_2020/L5/Lihua/TotalL5-Lihua-Lastversion/14715300.abf,2.0.0.0,30,0,1.0,0.0,10000,0.25940105251720524,-73.3032242947047,[-400. -375. -350. ...  275.  300.  325.],0,0.6,0.66556,1.0,sweepC,/Users/stripathy/Downloads/valiante_lab_ephys_mar_2020/L5/Lihua/TotalL5-Lihua-Lastversion/14617300.abf,25000,0.0656,True
54,14715312.abf,2014-07-15,L5,Pyr,Lihua,/Users/stripathy/Downloads/valiante_lab_ephys_mar_2020/L5/Lihua/TotalL5-Lihua-Lastversion/14715312.abf,2.0.0.0,30,0,1.0,0.0,10000,0.7019060795982881,-79.75769221241079,[-400. -375. -350. ...  275.  300.  325.],0,0.6,0.66556,1.0,sweepC,/Users/stripathy/Downloads/valiante_lab_ephys_mar_2020/L5/Lihua/TotalL5-Lihua-Lastversion/14617300.abf,25000,0.0656,True
55,14715334.abf,2014-07-15,L5,Pyr,Lihua,/Users/stripathy/Downloads/valiante_lab_ephys_mar_2020/L5/Lihua/TotalL5-Lihua-Lastversion/14715334.abf,2.0.0.0,30,0,1.0,0.0,10000,1.6804052052066254e-06,-75.1800553913427,[-400. -375. -350. ...  275.  300.  325.],0,0.6,0.66556,1.0,sweepC,/Users/stripathy/Downloads/valiante_lab_ephys_mar_2020/L5/Lihua/TotalL5-Lihua-Lastversion/14617300.abf,25000,0.0656,True
56,14911303.abf,2014-09-11,L5,Pyr,Lihua,/Users/stripathy/Downloads/valiante_lab_ephys_mar_2020/L5/Lihua/TotalL5-Lihua-Lastversion/14911303.abf,2.0.0.0,30,0,1.0,0.0,10000,0.8544937161332058,-68.3898941067582,[-400. -375. -350. ...  275.  300.  325.],0,0.6,0.66556,1.0,sweepC,/Users/stripathy/Downloads/valiante_lab_ephys_mar_2020/L5/Lihua/TotalL5-Lihua-Lastversion/14617300.abf,25000,0.0656,True
57,14911315.abf,2014-09-11,L5,Pyr,Lihua,/Users/stripathy/Downloads/valiante_lab_ephys_mar_2020/L5/Lihua/TotalL5-Lihua-Lastversion/14911315.abf,2.0.0.0,30,0,1.0,0.0,10000,1.0375994901324077,-82.04651062294491,[-400. -375. -350. ...  275.  300.  325.],0,0.6,0.66556,1.0,sweepC,/Users/stripathy/Downloads/valiante_lab_ephys_mar_2020/L5/Lihua/TotalL5-Lihua-Lastversion/14617300.abf,25000,0.0656,True
58,14918300.abf,2014-09-18,L5,Pyr,Lihua,/Users/stripathy/Downloads/valiante_lab_ephys_mar_2020/L5/Lihua/TotalL5-Lihua-Lastversion/14918300.abf,2.0.0.0,30,0,1.0,0.0,10000,1.4385932871618934e-06,-64.36157370421829,[-400. -375. -350. ...  275.  300.  325.],0,0.6,0.66556,1.0,sweepC,/Users/stripathy/Downloads/valiante_lab_ephys_mar_2020/L5/Lihua/TotalL5-Lihua-Lastversion/14617300.abf,25000,0.0656,True
59,14918302.abf,2014-09-18,L5,Pyr,Lihua,/Users/stripathy/Downloads/valiante_lab_ephys_mar_2020/L5/Lihua/TotalL5-Lihua-Lastversion/14918302.abf,2.0.0.0,30,0,1.0,0.0,10000,2.746583586485997,-69.580079680236,[-400. -375. -350. ...  275.  300.  325.],0,0.6,0.66556,1.0,sweepC,/Users/stripathy/Downloads/valiante_lab_ephys_mar_2020/L5/Lihua/TotalL5-Lihua-Lastversion/14617300.abf,25000,0.0656,True
60,14918344.abf,2014-09-18,L5,Pyr,Lihua,/Users/stripathy/Downloads/valiante_lab_ephys_mar_2020/L5/Lihua/TotalL5-Lihua-Lastversion/14918344.abf,2.0.0.0,30,0,1.0,0.0,10000,0.9918229462755903,-74.14245771190059,[-400. -375. -350. ...  275.  300.  325.],0,0.6,0.66556,1.0,sweepC,/Users/stripathy/Downloads/valiante_lab_ephys_mar_2020/L5/Lihua/TotalL5-Lihua-Lastversion/14617300.abf,25000,0.0656,True
61,14918372.abf,2014-09-18,L5,Int,Lihua,/Users/stripathy/Downloads/valiante_lab_ephys_mar_2020/L5/Lihua/TotalL5-Lihua-Lastversion/14918372.abf,2.0.0.0,30,0,1.0,0.0,10000,2.0141618772414063,-76.9958513303664,[-400. -375. -350. ...  275.  300.  325.],0,0.6,0.66556,1.0,sweepC,/Users/stripathy/Downloads/valiante_lab_ephys_mar_2020/L5/Lihua/TotalL5-Lihua-Lastversion/14617300.abf,25000,0.0656,True
62,14n03302.abf,2014-11-03,L5,Pyr,Lihua,/Users/stripathy/Downloads/valiante_lab_ephys_mar_2020/L5/Lihua/TotalL5-Lihua-Lastversion/14n03302.abf,2.0.0.0,30,0,1.0,0.0,10000,1.677676706890452e-06,-75.0579850761142,[-400. -375. -350. ...  275.  300.  325.],0,0.6,0.66556,1.0,sweepC,/Users/stripathy/Downloads/valiante_lab_ephys_mar_2020/L5/Lihua/TotalL5-Lihua-Lastversion/14617300.abf,25000,0.0656,True
63,14n03328.abf,2014-11-03,L5,Pyr,Lihua,/Users/stripathy/Downloads/valiante_lab_ephys_mar_2020/L5/Lihua/TotalL5-Lihua-Lastversion/14n03328.abf,2.0.0.0,30,0,1.0,0.0,10000,2.639772198449492,-75.63781907344949,[-400. -375. -350. ...  275.  300.  325.],0,0.6,0.66556,1.0,sweepC,/Users/stripathy/Downloads/valiante_lab_ephys_mar_2020/L5/Lihua/TotalL5-Lihua-Lastversion/14617300.abf,25000,0.0656,True
65,14n04362.abf,2014-11-04,L5,Pyr,Lihua,/Users/stripathy/Downloads/valiante_lab_ephys_mar_2020/L5/Lihua/TotalL5-Lihua-Lastversion/14n04362.abf,2.0.0.0,30,0,1.0,0.0,10000,2.395631632793993,-78.292848429669,[-400. -375. -350. ...  275.  300.  325.],0,0.6,0.66556,1.0,sweepC,/Users/stripathy/Downloads/valiante_lab_ephys_mar_2020/L5/Lihua/TotalL5-Lihua-Lastversion/14617300.abf,25000,0.0656,True
64,14n04322.abf,2014-11-04,L5,Int,Lihua,/Users/stripathy/Downloads/valiante_lab_ephys_mar_2020/L5/Lihua/TotalL5-Lihua-Lastversion/14n04322.abf,2.0.0.0,30,0,1.0,0.0,10000,1.6632095821478998,-70.4345718868354,[-400. -375. -350. ...  275.  300.  325.],0,0.6,0.66556,1.0,sweepC,/Users/stripathy/Downloads/valiante_lab_ephys_mar_2020/L5/Lihua/TotalL5-Lihua-Lastversion/14617300.abf,25000,0.0656,True
66,14n10302.abf,2014-11-10,L5,Int,Lihua,/Users/stripathy/Downloads/valiante_lab_ephys_mar_2020/L5/Lihua/TotalL5-Lihua-Lastversion/14n10302.abf,2.0.0.0,30,0,1.0,0.0,10000,2.6550310564062016,-78.7200945329687,[-400. -375. -350. ...  275.  300.  325.],0,0.6,0.66556,1.0,sweepC,/Users/stripathy/Downloads/valiante_lab_ephys_mar_2020/L5/Lihua/TotalL5-Lihua-Lastversion/14617300.abf,25000,0.0656,True
67,14n10459.abf,2014-11-10,L5,Pyr,Lihua,/Users/stripathy/Downloads/valiante_lab_ephys_mar_2020/L5/Lihua/TotalL5-Lihua-Lastversion/14n10459.abf,2.0.0.0,30,0,1.0,0.0,10000,2.2583024381220014,-74.127198922497,[-400. -375. -350. ...  275.  300.  325.],0,0.6,0.66556,1.0,sweepC,/Users/stripathy/Downloads/valiante_lab_ephys_mar_2020/L5/Lihua/TotalL5-Lihua-Lastversion/14617300.abf,25000,0.0656,True
68,14d02000.abf,2014-12-02,L2.3,Pyr,Lihua,/Users/stripathy/Downloads/valiante_lab_ephys_mar_2020/L23/Lihua/Totallayer2-Lihua-lastversion/14d02000.abf,2.0.0.0,30,0,1.0,0.0,10000,3.4942642375882116,-69.00024568290071,[-400. -375. -350. ...  275.  300.  325.],0,0.6,0.66556,1.0,sweepC,/Users/stripathy/Downloads/valiante_lab_ephys_mar_2020/L5/Lihua/TotalL5-Lihua-Lastversion/14617300.abf,25000,0.0656,True
69,14d02055.abf,2014-12-02,L2.3,Pyr,Lihua,/Users/stripathy/Downloads/valiante_lab_ephys_mar_2020/L23/Lihua/Totallayer2-Lihua-lastversion/14d02055.abf,2.0.0.0,30,0,1.0,0.0,10000,0.8392350549683982,-74.1119401330934,[-400. -375. -350. ...  275.  300.  325.],0,0.6,0.66556,1.0,sweepC,/Users/stripathy/Downloads/valiante_lab_ephys_mar_2020/L5/Lihua/TotalL5-Lihua-Lastversion/14617300.abf,25000,0.0656,True
70,14d02065.abf,2014-12-02,L2.3,Int,Lihua,/Users/stripathy/Downloads/valiante_lab_ephys_mar_2020/L23/Lihua/Totallayer2-Lihua-lastversion/14d02065.abf,2.0.0.0,30,0,1.0,0.0,10000,1.6561899087719212e-06,-74.09668134368991,[-400. -375. -350. ...  275.  300.  325.],0,0.6,0.66556,1.0,sweepC,/Users/stripathy/Downloads/valiante_lab_ephys_mar_2020/L5/Lihua/TotalL5-Lihua-Lastversion/14617300.abf,25000,0.0656,True
71,14d02124.abf,2014-12-02,L2.3,Pyr,Lihua,/Users/stripathy/Downloads/valiante_lab_ephys_mar_2020/L23/Lihua/Totallayer2-Lihua-lastversion/14d02124.abf,2.0.0.0,30,0,1.0,0.0,10000,0.9918229698087089,-75.19531418074621,[-400. -375. -350. ...  275.  300.  325.],0,0.6,0.66556,1.0,sweepC,/Users/stripathy/Downloads/valiante_lab_ephys_mar_2020/L5/Lihua/TotalL5-Lihua-Lastversion/14617300.abf,25000,0.0656,True
72,14d16000.abf,2014-12-16,L2.3,Pyr,Lihua,/Users/stripathy/Downloads/valiante_lab_ephys_mar_2020/L23/Lihua/Totallayer2-Lihua-lastversion/14d16000.abf,2.0.0.0,30,0,1.0,0.0,10000,1.625494405743666e-06,-72.7233902973694,[-400. -375. -350. ...  275.  300.  325.],0,0.6,0.66556,1.0,sweepC,/Users/stripathy/Downloads/valiante_lab_ephys_mar_2020/L5/Lihua/TotalL5-Lihua-Lastversion/14617300.abf,25000,0.0656,True
73,14d16016.abf,2014-12-16,L2.3,Int,Lihua,/Users/stripathy/Downloads/valiante_lab_ephys_mar_2020/L23/Lihua/Totallayer2-Lihua-lastversion/14d16016.abf,2.0.0.0,30,0,1.0,0.0,10000,1.3580338227257016,-71.4111344086632,[-400. -375. -350. ...  275.  300.  325.],0,0.6,0.66556,1.0,sweepC,/Users/stripathy/Downloads/valiante_lab_ephys_mar_2020/L5/Lihua/TotalL5-Lihua-Lastversion/14617300.abf,25000,0.0656,True
74,14d16022.abf,2014-12-16,L2.3,Pyr,Lihua,/Users/stripathy/Downloads/valiante_lab_ephys_mar_2020/L23/Lihua/Totallayer2-Lihua-lastversion/14d16022.abf,2.0.0.0,30,0,1.0,0.0,10000,1.495891396530169e-06,-66.9250503240164,[-400. -375. -350. ...  275.  300.  325.],0,0.6,0.66556,1.0,sweepC,/Users/stripathy/Downloads/valiante_lab_ephys_mar_2020/L5/Lihua/TotalL5-Lihua-Lastversion/14617300.abf,25000,0.0656,True
75,14d16056.abf,2014-12-16,L2.3,Int,Lihua,/Users/stripathy/Downloads/valiante_lab_ephys_mar_2020/L23/Lihua/Totallayer2-Lihua-lastversion/14d16056.abf,2.0.0.0,30,0,1.0,0.0,10000,1.861573945689102,-75.1647966019391,[-400. -375. -350. ...  275.  300.  325.],0,0.6,0.66556,1.0,sweepC,/Users/stripathy/Downloads/valiante_lab_ephys_mar_2020/L5/Lihua/TotalL5-Lihua-Lastversion/14617300.abf,25000,0.0656,True
76,14d16134.abf,2014-12-16,L2.3,Pyr,Lihua,/Users/stripathy/Downloads/valiante_lab_ephys_mar_2020/L23/Lihua/Totallayer2-Lihua-lastversion/14d16134.abf,2.0.0.0,30,0,1.0,0.0,10000,0.41198882547639926,-68.0389419504764,[-400. -375. -350. ...  275.  300.  325.],0,0.6,0.66556,1.0,sweepC,/Users/stripathy/Downloads/valiante_lab_ephys_mar_2020/L5/Lihua/TotalL5-Lihua-Lastversion/14617300.abf,25000,0.0656,True
80,14d18113.abf,2014-12-18,L2.3,Pyr,Lihua,/Users/stripathy/Downloads/valiante_lab_ephys_mar_2020/L23/Lihua/Totallayer2-Lihua-lastversion/14d18113.abf,2.0.0.0,30,0,1.0,0.0,10000,0.6713884107512058,-75.6988542310637,[-400. -375. -350. ...  275.  300.  325.],0,0.6,0.66556,1.0,sweepC,/Users/stripathy/Downloads/valiante_lab_ephys_mar_2020/L5/Lihua/TotalL5-Lihua-Lastversion/14617300.abf,25000,0.0656,True
78,14d18033.abf,2014-12-18,L2.3,Pyr,Lihua,/Users/stripathy/Downloads/valiante_lab_ephys_mar_2020/L23/Lihua/Totallayer2-Lihua-lastversion/14d18033.abf,2.0.0.0,30,0,1.0,0.0,10000,0.9002702340694952,-75.134279023132,[-400. -375. -350. ...  275.  300.  325.],0,0.6,0.66556,1.0,sweepC,/Users/stripathy/Downloads/valiante_lab_ephys_mar_2020/L5/Lihua/TotalL5-Lihua-Lastversion/14617300.abf,25000,0.0656,True
77,14d18005.abf,2014-12-18,L2.3,Pyr,Lihua,/Users/stripathy/Downloads/valiante_lab_ephys_mar_2020/L23/Lihua/Totallayer2-Lihua-lastversion/14d18005.abf,2.0.0.0,30,0,1.0,0.0,10000,0.09155444342930252,-76.4617937012418,[-400. -375. -350. ...  275.  300.  325.],0,0.6,0.66556,1.0,sweepC,/Users/stripathy/Downloads/valiante_lab_ephys_mar_2020/L5/Lihua/TotalL5-Lihua-Lastversion/14617300.abf,25000,0.0656,True
79,14d18087.abf,2014-12-18,L2.3,Pyr,Lihua,/Users/stripathy/Downloads/valiante_lab_ephys_mar_2020/L23/Lihua/Totallayer2-Lihua-lastversion/14d18087.abf,2.0.0.0,30,0,1.0,0.0,10000,1.7059847010614249e-06,-76.3244645966097,[-400. -375. -350. ...  275.  300.  325.],0,0.6,0.66556,1.0,sweepC,/Users/stripathy/Downloads/valiante_lab_ephys_mar_2020/L5/Lihua/TotalL5-Lihua-Lastversion/14617300.abf,25000,0.0656,True
81,15105000.abf,2015-01-05,L2.3,Pyr,Lihua,/Users/stripathy/Downloads/valiante_lab_ephys_mar_2020/L23/Lihua/Totallayer2-Lihua-lastversion/15105000.abf,2.0.0.0,30,0,1.0,0.0,10000,1.5411392174655987,-68.0999771080906,[-400. -375. -350. ...  275.  300.  325.],0,0.6,0.66556,1.0,sweepC,/Users/stripathy/Downloads/valiante_lab_ephys_mar_2020/L5/Lihua/TotalL5-Lihua-Lastversion/14617300.abf,25000,0.0656,True
82,15105065.abf,2015-01-05,L2.3,Pyr,Lihua,/Users/stripathy/Downloads/valiante_lab_ephys_mar_2020/L23/Lihua/Totallayer2-Lihua-lastversion/15105065.abf,2.0.0.0,30,0,1.0,0.0,10000,1.6937270920607972,-67.3828140061233,[-400. -375. -350. ...  275.  300.  325.],0,0.6,0.66556,1.0,sweepC,/Users/stripathy/Downloads/valiante_lab_ephys_mar_2020/L5/Lihua/TotalL5-Lihua-Lastversion/14617300.abf,25000,0.0656,True
83,15105080.abf,2015-01-05,L2.3,Pyr,Lihua,/Users/stripathy/Downloads/valiante_lab_ephys_mar_2020/L23/Lihua/Totallayer2-Lihua-lastversion/15105080.abf,2.0.0.0,30,0,1.0,0.0,10000,0.7781998499467875,-71.92993324838429,[-400. -375. -350. ...  275.  300.  325.],0,0.6,0.66556,1.0,sweepC,/Users/stripathy/Downloads/valiante_lab_ephys_mar_2020/L5/Lihua/TotalL5-Lihua-Lastversion/14617300.abf,25000,0.0656,True
84,15105107.abf,2015-01-05,L2.3,Pyr,Lihua,/Users/stripathy/Downloads/valiante_lab_ephys_mar_2020/L23/Lihua/Totallayer2-Lihua-lastversion/15105107.abf,2.0.0.0,30,0,1.0,0.0,10000,0.6256120033185937,-73.8983170814436,[-400. -375. -350. ...  275.  300.  325.],0,0.6,0.66556,1.0,sweepC,/Users/stripathy/Downloads/valiante_lab_ephys_mar_2020/L5/Lihua/TotalL5-Lihua-Lastversion/14617300.abf,25000,0.0656,True
91,15127132.abf,2015-01-27,L2.3,Pyr,Lihua,/Users/stripathy/Downloads/valiante_lab_ephys_mar_2020/L23/Lihua/Totallayer2-Lihua-lastversion/15127132.abf,2.0.0.0,30,0,1.0,0.0,10000,1.590706304455125e-06,-71.1669937782063,[-400. -375. -350. ...  275.  300.  325.],0,0.6,0.66556,1.0,sweepC,/Users/stripathy/Downloads/valiante_lab_ephys_mar_2020/L5/Lihua/TotalL5-Lihua-Lastversion/14617300.abf,25000,0.0656,True
90,15127106.abf,2015-01-27,L2.3,Pyr,Lihua,/Users/stripathy/Downloads/valiante_lab_ephys_mar_2020/L23/Lihua/Totallayer2-Lihua-lastversion/15127106.abf,2.0.0.0,30,0,1.0,0.0,10000,1.6723648413971972,-69.7998062476472,[-400. -375. -350. ...  275.  300.  325.],0,0.6,0.66556,1.0,sweepC,/Users/stripathy/Downloads/valiante_lab_ephys_mar_2020/L5/Lihua/TotalL5-Lihua-Lastversion/14617300.abf,25000,0.0656,True
88,15127061.abf,2015-01-27,L2.3,Pyr,Lihua,/Users/stripathy/Downloads/valiante_lab_ephys_mar_2020/L23/Lihua/Totallayer2-Lihua-lastversion/15127061.abf,2.0.0.0,30,0,1.0,0.0,10000,5.584718355385107,-69.7265640585101,[-400. -375. -350. ...  275.  300.  325.],0,0.6,0.66556,1.0,sweepC,/Users/stripathy/Downloads/valiante_lab_ephys_mar_2020/L5/Lihua/TotalL5-Lihua-Lastversion/14617300.abf,25000,0.0656,True
89,15127092.abf,2015-01-27,L2.3,Int,Lihua,/Users/stripathy/Downloads/valiante_lab_ephys_mar_2020/L23/Lihua/Totallayer2-Lihua-lastversion/15127092.abf,2.0.0.0,30,0,1.0,0.0,10000,1.4648455000497052,-78.2959001875497,[-400. -375. -350. ...  275.  300.  325.],0,0.6,0.66556,1.0,sweepC,/Users/stripathy/Downloads/valiante_lab_ephys_mar_2020/L5/Lihua/TotalL5-Lihua-Lastversion/14617300.abf,25000,0.0656,True
86,15127028.abf,2015-01-27,L2.3,Pyr,Lihua,/Users/stripathy/Downloads/valiante_lab_ephys_mar_2020/L23/Lihua/Totallayer2-Lihua-lastversion/15127028.abf,2.0.0.0,30,0,1.0,0.0,10000,0.11596843355620479,-73.2238785898062,[-400. -375. -350. ...  275.  300.  325.],0,0.6,0.66556,1.0,sweepC,/Users/stripathy/Downloads/valiante_lab_ephys_mar_2020/L5/Lihua/TotalL5-Lihua-Lastversion/14617300.abf,25000,0.0656,True
85,15127001.abf,2015-01-27,L2.3,Pyr,Lihua,/Users/stripathy/Downloads/valiante_lab_ephys_mar_2020/L23/Lihua/Totallayer2-Lihua-lastversion/15127001.abf,2.0.0.0,30,0,1.0,0.0,10000,1.6924787047400969e-06,-75.7202165362287,[-400. -375. -350. ...  275.  300.  325.],0,0.6,0.66556,1.0,sweepC,/Users/stripathy/Downloads/valiante_lab_ephys_mar_2020/L5/Lihua/TotalL5-Lihua-Lastversion/14617300.abf,25000,0.0656,True
87,15127041.abf,2015-01-27,L2.3,Int,Lihua,/Users/stripathy/Downloads/valiante_lab_ephys_mar_2020/L23/Lihua/Totallayer2-Lihua-lastversion/15127041.abf,2.0.0.0,30,0,1.0,0.0,10000,0.42114429625149796,-76.8676774993765,[-400. -375. -350. ...  275.  300.  325.],0,0.6,0.66556,1.0,sweepC,/Users/stripathy/Downloads/valiante_lab_ephys_mar_2020/L5/Lihua/TotalL5-Lihua-Lastversion/14617300.abf,25000,0.0656,True
92,15224000.abf,2015-02-24,L5,Int,Lihua,/Users/stripathy/Downloads/valiante_lab_ephys_mar_2020/L5/Lihua/TotalL5-Lihua-Lastversion/15224000.abf,2.0.0.0,30,0,1.0,0.0,10000,0.061036825536589845,-74.68261885678659,[-400. -375. -350. ...  275.  300.  325.],0,0.6,0.66556,1.0,sweepC,/Users/stripathy/Downloads/valiante_lab_ephys_mar_2020/L5/Lihua/TotalL5-Lihua-Lastversion/14617300.abf,25000,0.0656,True
93,15224059.abf,2015-02-24,L5,Pyr,Lihua,/Users/stripathy/Downloads/valiante_lab_ephys_mar_2020/L5/Lihua/TotalL5-Lihua-Lastversion/15224059.abf,2.0.0.0,30,0,1.0,0.0,10000,1.660157923242906,-74.8596208138679,[-400. -375. -350. ...  275.  300.  325.],0,0.6,0.66556,1.0,sweepC,/Users/stripathy/Downloads/valiante_lab_ephys_mar_2020/L5/Lihua/TotalL5-Lihua-Lastversion/14617300.abf,25000,0.0656,True
94,15302001.abf,2015-03-02,L5,Pyr,Lihua,/Users/stripathy/Downloads/valiante_lab_ephys_mar_2020/L5/Lihua/TotalL5-Lihua-Lastversion/15302001.abf,2.0.0.0,30,0,1.0,0.0,10000,1.0070816624192958,-70.8801285374193,[-400. -375. -350. ...  275.  300.  325.],0,0.6,0.66556,1.0,sweepC,/Users/stripathy/Downloads/valiante_lab_ephys_mar_2020/L5/Lihua/TotalL5-Lihua-Lastversion/14617300.abf,25000,0.0656,True
98,15312105.abf,2015-03-12,L2.3,Pyr,Lihua,/Users/stripathy/Downloads/valiante_lab_ephys_mar_2020/L23/Lihua/Totallayer2-Lihua-lastversion/15312105.abf,2.0.0.0,30,0,1.0,0.0,10000,0.24414239974250052,-79.4006365403675,[-400. -375. -350. ...  275.  300.  325.],0,0.6,0.66556,1.0,sweepC,/Users/stripathy/Downloads/valiante_lab_ephys_mar_2020/L5/Lihua/TotalL5-Lihua-Lastversion/14617300.abf,25000,0.0656,True
95,15312000.abf,2015-03-12,L2.3,Int,Lihua,/Users/stripathy/Downloads/valiante_lab_ephys_mar_2020/L23/Lihua/Totallayer2-Lihua-lastversion/15312000.abf,2.0.0.0,30,0,1.0,0.0,10000,1.7150895685063006,-75.0671403497563,[-400. -375. -350. ...  275.  300.  325.],0,0.6,0.66556,1.0,sweepC,/Users/stripathy/Downloads/valiante_lab_ephys_mar_2020/L5/Lihua/TotalL5-Lihua-Lastversion/14617300.abf,25000,0.0656,True
96,15312031.abf,2015-03-12,L2.3,Int,Lihua,/Users/stripathy/Downloads/valiante_lab_ephys_mar_2020/L23/Lihua/Totallayer2-Lihua-lastversion/15312031.abf,2.0.0.0,30,0,1.0,0.0,10000,3.6193865192217913,-78.45459159734679,[-400. -375. -350. ...  275.  300.  325.],0,0.6,0.66556,1.0,sweepC,/Users/stripathy/Downloads/valiante_lab_ephys_mar_2020/L5/Lihua/TotalL5-Lihua-Lastversion/14617300.abf,25000,0.0656,True
97,15312053.abf,2015-03-12,L2.3,Int,Lihua,/Users/stripathy/Downloads/valiante_lab_ephys_mar_2020/L23/Lihua/Totallayer2-Lihua-lastversion/15312053.abf,2.0.0.0,30,0,1.0,0.0,10000,6.091310224428597,-72.9553238963036,[-400. -375. -350. ...  275.  300.  325.],0,0.6,0.66556,1.0,sweepC,/Users/stripathy/Downloads/valiante_lab_ephys_mar_2020/L5/Lihua/TotalL5-Lihua-Lastversion/14617300.abf,25000,0.0656,True
99,15312132.abf,2015-03-12,L2.3,Pyr,Lihua,/Users/stripathy/Downloads/valiante_lab_ephys_mar_2020/L23/Lihua/Totallayer2-Lihua-lastversion/15312132.abf,2.0.0.0,30,0,1.0,0.0,10000,6.011964332765288,-64.52026511401529,[-400. -375. -350. ...  275.  300.  325.],0,0.6,0.66556,1.0,sweepC,/Users/stripathy/Downloads/valiante_lab_ephys_mar_2020/L5/Lihua/TotalL5-Lihua-Lastversion/14617300.abf,25000,0.0656,True
101,15330053.abf,2015-03-30,L5,Pyr,Lihua,/Users/stripathy/Downloads/valiante_lab_ephys_mar_2020/L5/Lihua/TotalL5-Lihua-Lastversion/15330053.abf,2.0.0.0,30,0,1.0,0.0,10000,1.0253921335789045,-67.4926772898289,[-400. -375. -350. ...  275.  300.  325.],0,0.6,0.66556,1.0,sweepC,/Users/stripathy/Downloads/valiante_lab_ephys_mar_2020/L5/Lihua/TotalL5-Lihua-Lastversion/14617300.abf,25000,0.0656,True
100,15330000.abf,2015-03-30,L5,Pyr,Lihua,/Users/stripathy/Downloads/valiante_lab_ephys_mar_2020/L5/Lihua/TotalL5-Lihua-Lastversion/15330000.abf,2.0.0.0,30,0,1.0,0.0,10000,0.7629411944435986,-77.9052751788186,[-400. -375. -350. ...  275.  300.  325.],0,0.6,0.66556,1.0,sweepC,/Users/stripathy/Downloads/valiante_lab_ephys_mar_2020/L5/Lihua/TotalL5-Lihua-Lastversion/14617300.abf,25000,0.0656,True
102,15407000.abf,2015-04-07,L5,Int,Lihua,/Users/stripathy/Downloads/valiante_lab_ephys_mar_2020/L5/Lihua/TotalL5-Lihua-Lastversion/15407000.abf,2.0.0.0,30,0,1.0,0.0,10000,1.3793961945339106,-74.41406416328391,[-400. -375. -350. ...  275.  300.  325.],0,0.6,0.66556,1.0,sweepC,/Users/stripathy/Downloads/valiante_lab_ephys_mar_2020/L5/Lihua/TotalL5-Lihua-Lastversion/14617300.abf,25000,0.0656,True
104,15420026.abf,2015-04-20,L5,Pyr,Lihua,/Users/stripathy/Downloads/valiante_lab_ephys_mar_2020/L5/Lihua/TotalL5-Lihua-Lastversion/15420026.abf,2.0.0.0,30,0,1.0,0.0,10000,1.7133515939349309e-06,-76.6540544477266,[-400. -375. -350. ...  275.  300.  325.],0,0.6,0.66556,1.0,sweepC,/Users/stripathy/Downloads/valiante_lab_ephys_mar_2020/L5/Lihua/TotalL5-Lihua-Lastversion/14617300.abf,25000,0.0656,True
103,15420000.abf,2015-04-20,L5,Pyr,Lihua,/Users/stripathy/Downloads/valiante_lab_ephys_mar_2020/L5/Lihua/TotalL5-Lihua-Lastversion/15420000.abf,2.0.0.0,30,0,1.0,0.0,10000,0.3479019985206975,-71.9360367641457,[-400. -375. -350. ...  275.  300.  325.],0,0.6,0.66556,1.0,sweepC,/Users/stripathy/Downloads/valiante_lab_ephys_mar_2020/L5/Lihua/TotalL5-Lihua-Lastversion/14617300.abf,25000,0.0656,True
107,15616035.abf,2015-06-16,L5,Pyr,Homeira,/Users/stripathy/Downloads/valiante_lab_ephys_mar_2020/L5/Homeira/Total5Homeira-Last-Version - without 2020 Data/15616035.abf,2.6.0.0,50,0,1.0,-21.8,20000,2.2445106506347656,-57.8,[-500. -450. -400. ... 1850. 1900. 1950.],1,0.6,0.80025,1000.0,sweepC,/Users/stripathy/Downloads/valiante_lab_ephys_mar_2020/L5/Homeira/Total5Homeira-Last-Version - without 2020 Data/15616035.abf,20000,0.2003,True
105,15616008.abf,2015-06-16,L5,Pyr,Homeira,/Users/stripathy/Downloads/valiante_lab_ephys_mar_2020/L5/Homeira/Total5Homeira-Last-Version - without 2020 Data/15616008.abf,2.6.0.0,50,0,1.0,-24.1,20000,4.359132766723633,-54.1,[-500. -450. -400. ... 1850. 1900. 1950.],1,0.6,0.80025,1000.0,sweepC,/Users/stripathy/Downloads/valiante_lab_ephys_mar_2020/L5/Homeira/Total5Homeira-Last-Version - without 2020 Data/15616008.abf,20000,0.2003,True
106,15616022.abf,2015-06-16,L5,Pyr,Homeira,/Users/stripathy/Downloads/valiante_lab_ephys_mar_2020/L5/Homeira/Total5Homeira-Last-Version - without 2020 Data/15616022.abf,2.6.0.0,50,0,1.0,-28.4,20000,1.0815448760986328,-58.4,[-500. -450. -400. ... 1850. 1900. 1950.],1,0.6,0.80025,1000.0,sweepC,/Users/stripathy/Downloads/valiante_lab_ephys_mar_2020/L5/Homeira/Total5Homeira-Last-Version - without 2020 Data/15616022.abf,20000,0.2003,True
108,15618005.abf,2015-06-18,L5,Pyr,Homeira,/Users/stripathy/Downloads/valiante_lab_ephys_mar_2020/L5/Homeira/Total5Homeira-Last-Version - without 2020 Data/15618005.abf,2.6.0.0,30,0,1.0,-20.0,20000,7.588136672973633,-56.0,[-500. -450. -400. ...  850.  900.  950.],1,0.6,0.80025,1000.0,sweepC,/Users/stripathy/Downloads/valiante_lab_ephys_mar_2020/L5/Homeira/Total5Homeira-Last-Version - without 2020 Data/15618005.abf,20000,0.2003,True
109,15622000.abf,2015-06-22,L5,Pyr,Homeira,/Users/stripathy/Downloads/valiante_lab_ephys_mar_2020/L5/Homeira/Total5Homeira-Last-Version - without 2020 Data/15622000.abf,2.6.0.0,47,0,1.0,-30.1,20000,6.269533157348633,-60.1,[-500. -450. -400. ... 1700. 1750. 1800.],1,0.6,0.80025,1000.0,sweepC,/Users/stripathy/Downloads/valiante_lab_ephys_mar_2020/L5/Homeira/Total5Homeira-Last-Version - without 2020 Data/15622000.abf,20000,0.2003,True
110,15622005.abf,2015-06-22,L5,Pyr,Homeira,/Users/stripathy/Downloads/valiante_lab_ephys_mar_2020/L5/Homeira/Total5Homeira-Last-Version - without 2020 Data/15622005.abf,2.6.0.0,50,0,1.0,-28.1,20000,0.8935585021972656,-63.1,[-500. -450. -400. ... 1850. 1900. 1950.],1,0.6,0.80025,1000.0,sweepC,/Users/stripathy/Downloads/valiante_lab_ephys_mar_2020/L5/Homeira/Total5Homeira-Last-Version - without 2020 Data/15622005.abf,20000,0.2003,True
111,15622013.abf,2015-06-22,L5,Pyr,Homeira,/Users/stripathy/Downloads/valiante_lab_ephys_mar_2020/L5/Homeira/Total5Homeira-Last-Version - without 2020 Data/15622013.abf,2.6.0.0,50,0,1.0,-39.4,20000,1.8664569854736328,-59.4,[-500. -450. -400. ... 1850. 1900. 1950.],1,0.6,0.80025,1000.0,sweepC,/Users/stripathy/Downloads/valiante_lab_ephys_mar_2020/L5/Homeira/Total5Homeira-Last-Version - without 2020 Data/15622013.abf,20000,0.2003,True
112,15622015.abf,2015-06-22,L5,Pyr,Homeira,/Users/stripathy/Downloads/valiante_lab_ephys_mar_2020/L5/Homeira/Total5Homeira-Last-Version - without 2020 Data/15622015.abf,2.6.0.0,50,0,1.0,-38.4,20000,1.5583515167236328,-61.4,[-500. -450. -400. ... 1850. 1900. 1950.],1,0.6,0.80025,1000.0,sweepC,/Users/stripathy/Downloads/valiante_lab_ephys_mar_2020/L5/Homeira/Total5Homeira-Last-Version - without 2020 Data/15622015.abf,20000,0.2003,True
113,15622019.abf,2015-06-22,L5,Pyr,Homeira,/Users/stripathy/Downloads/valiante_lab_ephys_mar_2020/L5/Homeira/Total5Homeira-Last-Version - without 2020 Data/15622019.abf,2.6.0.0,50,0,0.25,-24.1,20000,50.51635646820068,-64.1,[-500. -450. -400. ... 1850. 1900. 1950.],1,0.6,0.80025,1000.0,sweepC,/Users/stripathy/Downloads/valiante_lab_ephys_mar_2020/L5/Homeira/Total5Homeira-Last-Version - without 2020 Data/15622019.abf,20000,0.2003,True
114,15622024.abf,2015-06-22,L5,Pyr,Homeira,/Users/stripathy/Downloads/valiante_lab_ephys_mar_2020/L5/Homeira/Total5Homeira-Last-Version - without 2020 Data/15622024.abf,2.6.0.0,50,0,1.0,-30.3,20000,0.6518535614013672,-60.3,[-500. -450. -400. ... 1850. 1900. 1950.],1,0.6,0.80025,1000.0,sweepC,/Users/stripathy/Downloads/valiante_lab_ephys_mar_2020/L5/Homeira/Total5Homeira-Last-Version - without 2020 Data/15622024.abf,20000,0.2003,True
115,15723013.abf,2015-07-23,L5,Pyr,Homeira,/Users/stripathy/Downloads/valiante_lab_ephys_mar_2020/L5/Homeira/Total5Homeira-Last-Version - without 2020 Data/15723013.abf,2.6.0.0,25,0,1.0,-6.9,10000,2.1191444396972656,-61.9,[-500. -450. -400. ...  600.  650.  700.],1,1.2,1.6205,1.0,sweepC,/Users/stripathy/Downloads/valiante_lab_ephys_mar_2020/L5/Homeira/Total5Homeira-Last-Version - without 2020 Data/15723013.abf,10000,0.42060000000000003,True
116,15820003.abf,2015-08-20,L5,Pyr,Homeira,/Users/stripathy/Downloads/valiante_lab_ephys_mar_2020/L5/Homeira/Total5Homeira-Last-Version - without 2020 Data/15820003.abf,2.6.0.0,21,0,1.0,-1.3,10000,8.400882720947266,-61.3,[-500. -450. -400. ...  400.  450.  500.],1,1.2,1.6811,1.0,sweepC,/Users/stripathy/Downloads/valiante_lab_ephys_mar_2020/L5/Homeira/Total5Homeira-Last-Version - without 2020 Data/15820003.abf,10000,0.4812,True
124,15o08038.abf,2015-10-08,L5,Pyr,Homeira,/Users/stripathy/Downloads/valiante_lab_ephys_mar_2020/L5/Homeira/Total5Homeira-Last-Version - without 2020 Data/15o08038.abf,1.8.3.0,20,0,20.0,-5.9,9803,1.87158203125,-59.9,[-400. -350. -300. ...  450.  500.  550.],1,1.2241150668162808,1.6326634703662144,1.0,sweepC,/Users/stripathy/Downloads/valiante_lab_ephys_mar_2020/L5/Homeira/Total5Homeira-Last-Version - without 2020 Data/15o08038.abf,9803,0.40865041313883504,True
123,15o08032.abf,2015-10-08,L5,Pyr,Homeira,/Users/stripathy/Downloads/valiante_lab_ephys_mar_2020/L5/Homeira/Total5Homeira-Last-Version - without 2020 Data/15o08032.abf,1.8.3.0,20,0,20.0,-7.5,9803,2.383544921875,-60.5,[-400. -350. -300. ...  450.  500.  550.],1,1.2241150668162808,1.6326634703662144,1.0,sweepC,/Users/stripathy/Downloads/valiante_lab_ephys_mar_2020/L5/Homeira/Total5Homeira-Last-Version - without 2020 Data/15o08032.abf,9803,0.40865041313883504,True
122,15o08022.abf,2015-10-08,L5,Pyr,Homeira,/Users/stripathy/Downloads/valiante_lab_ephys_mar_2020/L5/Homeira/Total5Homeira-Last-Version - without 2020 Data/15o08022.abf,1.8.3.0,17,0,20.0,-2.3,9803,1.78466796875,-62.3,[-400. -350. -300. ...  300.  350.  400.],1,1.2241150668162808,1.6326634703662144,1.0,sweepC,/Users/stripathy/Downloads/valiante_lab_ephys_mar_2020/L5/Homeira/Total5Homeira-Last-Version - without 2020 Data/15o08022.abf,9803,0.40865041313883504,True
121,15o08020.abf,2015-10-08,L5,Pyr,Homeira,/Users/stripathy/Downloads/valiante_lab_ephys_mar_2020/L5/Homeira/Total5Homeira-Last-Version - without 2020 Data/15o08020.abf,1.8.3.0,20,0,20.0,-6.2,9803,3.075439453125,-63.2,[-400. -350. -300. ...  450.  500.  550.],1,1.2241150668162808,1.6326634703662144,1.0,sweepC,/Users/stripathy/Downloads/valiante_lab_ephys_mar_2020/L5/Homeira/Total5Homeira-Last-Version - without 2020 Data/15o08020.abf,9803,0.40865041313883504,True
119,15o08011.abf,2015-10-08,L5,Pyr,Homeira,/Users/stripathy/Downloads/valiante_lab_ephys_mar_2020/L5/Homeira/Total5Homeira-Last-Version - without 2020 Data/15o08011.abf,1.8.3.0,20,0,20.0,-8.1,9803,1.467041015625,-62.1,[-400. -350. -300. ...  450.  500.  550.],1,1.2241150668162808,1.6326634703662144,1.0,sweepC,/Users/stripathy/Downloads/valiante_lab_ephys_mar_2020/L5/Homeira/Total5Homeira-Last-Version - without 2020 Data/15o08011.abf,9803,0.40865041313883504,True
118,15o08007.abf,2015-10-08,L5,Pyr,Homeira,/Users/stripathy/Downloads/valiante_lab_ephys_mar_2020/L5/Homeira/Total5Homeira-Last-Version - without 2020 Data/15o08007.abf,1.8.3.0,18,0,20.0,-8.9,9803,2.044677734375,-58.9,[-400. -350. -300. ...  350.  400.  450.],1,1.2241150668162808,1.6326634703662144,1.0,sweepC,/Users/stripathy/Downloads/valiante_lab_ephys_mar_2020/L5/Homeira/Total5Homeira-Last-Version - without 2020 Data/15o08007.abf,9803,0.40865041313883504,True
117,15o08002.abf,2015-10-08,L5,Pyr,Homeira,/Users/stripathy/Downloads/valiante_lab_ephys_mar_2020/L5/Homeira/Total5Homeira-Last-Version - without 2020 Data/15o08002.abf,1.8.3.0,20,0,20.0,-7.7,9803,0.689453125,-63.7,[-400. -350. -300. ...  450.  500.  550.],1,1.2241150668162808,1.6326634703662144,1.0,sweepC,/Users/stripathy/Downloads/valiante_lab_ephys_mar_2020/L5/Homeira/Total5Homeira-Last-Version - without 2020 Data/15o08002.abf,9803,0.40865041313883504,True
120,15o08017.abf,2015-10-08,L5,Pyr,Homeira,/Users/stripathy/Downloads/valiante_lab_ephys_mar_2020/L5/Homeira/Total5Homeira-Last-Version - without 2020 Data/15o08017.abf,1.8.3.0,20,0,20.0,0.0,9803,1.1718722833337978,-57.1960422052088,[-400. -350. -300. ...  450.  500.  550.],1,1.2241150668162808,1.6326634703662144,1.0,sweepC,/Users/stripathy/Downloads/valiante_lab_ephys_mar_2020/L5/Homeira/Total5Homeira-Last-Version - without 2020 Data/15o08017.abf,9803,0.40865041313883504,True
131,2015_11_09_0078.abf,2015-11-09,L5,Int,Homeira,/Users/stripathy/Downloads/valiante_lab_ephys_mar_2020/L5/Homeira/Total5Homeira-Last-Version - without 2020 Data/2015_11_09_0078.abf,1.8.3.0,25,0,20.0,-13.3,12500,3.303955078125,-61.3,[-400. -350. -300. ...  700.  750.  800.],1,0.96,1.2804000000000002,1.0,sweepC,/Users/stripathy/Downloads/valiante_lab_ephys_mar_2020/L5/Homeira/Total5Homeira-Last-Version - without 2020 Data/2015_11_09_0078.abf,12500,0.32048000000000004,True
125,2015_11_09_0003.abf,2015-11-09,L2.3,Pyr,Homeira,/Users/stripathy/Downloads/valiante_lab_ephys_mar_2020/L23/Homeira/Layer 2_Homeira_last version_March _10_2020/Total2Homeira-Lastversion/2015_11_09_0003.abf,1.8.3.0,20,0,50.0,0.0,10000,1.2580322265624986,-62.4,[-400. -350. -300. ...  450.  500.  550.],1,1.2,1.6005,1.0,sweepC,/Users/stripathy/Downloads/valiante_lab_ephys_mar_2020/L23/Homeira/Layer 2_Homeira_last version_March _10_2020/Total2Homeira-Lastversion/2015_11_09_0003.abf,10000,0.4006,True
126,2015_11_09_0017.abf,2015-11-09,L2.3,Pyr,Homeira,/Users/stripathy/Downloads/valiante_lab_ephys_mar_2020/L23/Homeira/Layer 2_Homeira_last version_March _10_2020/Total2Homeira-Lastversion/2015_11_09_0017.abf,1.8.3.0,21,0,100.0,-11.9,10000,24.456787109375,-61.9,[-400. -350. -300. ...  500.  550.  600.],1,1.2,1.6005,1.0,sweepC,/Users/stripathy/Downloads/valiante_lab_ephys_mar_2020/L23/Homeira/Layer 2_Homeira_last version_March _10_2020/Total2Homeira-Lastversion/2015_11_09_0017.abf,10000,0.4006,True
127,2015_11_09_0053.abf,2015-11-09,L2.3,Pyr,Homeira,/Users/stripathy/Downloads/valiante_lab_ephys_mar_2020/L23/Homeira/Layer 2_Homeira_last version_March _10_2020/Total2Homeira-Lastversion/2015_11_09_0053.abf,1.8.3.0,19,0,20.0,-7.5,12500,1.57470703125,-57.5,[-400. -350. -300. ...  400.  450.  500.],1,0.96,1.2804000000000002,1.0,sweepC,/Users/stripathy/Downloads/valiante_lab_ephys_mar_2020/L23/Homeira/Layer 2_Homeira_last version_March _10_2020/Total2Homeira-Lastversion/2015_11_09_0053.abf,12500,0.32048000000000004,True
128,2015_11_09_0085.abf,2015-11-09,L2.3,Pyr,Homeira,/Users/stripathy/Downloads/valiante_lab_ephys_mar_2020/L23/Homeira/Layer 2_Homeira_last version_March _10_2020/Total2Homeira-Lastversion/2015_11_09_0085.abf,1.8.3.0,25,0,20.0,-12.4,12500,0.45068359375,-63.4,[-400. -350. -300. ...  700.  750.  800.],1,0.96,1.2804000000000002,1.0,sweepC,/Users/stripathy/Downloads/valiante_lab_ephys_mar_2020/L23/Homeira/Layer 2_Homeira_last version_March _10_2020/Total2Homeira-Lastversion/2015_11_09_0085.abf,12500,0.32048000000000004,True
129,2015_11_09_0106.abf,2015-11-09,L2.3,Pyr,Homeira,/Users/stripathy/Downloads/valiante_lab_ephys_mar_2020/L23/Homeira/Layer 2_Homeira_last version_March _10_2020/Total2Homeira-Lastversion/2015_11_09_0106.abf,1.8.3.0,25,0,20.0,-9.4,12500,0.26025390625,-63.4,[-400. -350. -300. ...  700.  750.  800.],1,0.96,1.2804000000000002,1.0,sweepC,/Users/stripathy/Downloads/valiante_lab_ephys_mar_2020/L23/Homeira/Layer 2_Homeira_last version_March _10_2020/Total2Homeira-Lastversion/2015_11_09_0106.abf,12500,0.32048000000000004,True
130,2015_11_09_0107.abf,2015-11-09,L2.3,Pyr,Homeira,/Users/stripathy/Downloads/valiante_lab_ephys_mar_2020/L23/Homeira/Layer 2_Homeira_last version_March _10_2020/Total2Homeira-Lastversion/2015_11_09_0107.abf,1.8.3.0,25,0,20.0,-8.4,12500,1.273681640625,-60.4,[-400. -350. -300. ...  700.  750.  800.],1,0.96,1.2804000000000002,1.0,sweepC,/Users/stripathy/Downloads/valiante_lab_ephys_mar_2020/L23/Homeira/Layer 2_Homeira_last version_March _10_2020/Total2Homeira-Lastversion/2015_11_09_0107.abf,12500,0.32048000000000004,True
134,2016_01_28_0019.abf,2016-01-28,L5,Pyr,Homeira,/Users/stripathy/Downloads/valiante_lab_ephys_mar_2020/L5/Homeira/Total5Homeira-Last-Version - without 2020 Data/2016_01_28_0019.abf,1.8.3.0,16,0,20.0,-5.2,10000,1.149658203125,-59.2,[-400. -350. -300. ...  250.  300.  350.],1,1.2,1.6005,1.0,sweepC,/Users/stripathy/Downloads/valiante_lab_ephys_mar_2020/L5/Homeira/Total5Homeira-Last-Version - without 2020 Data/2016_01_28_0019.abf,10000,0.4006,True
132,2016_01_28_0004.abf,2016-01-28,L5,Pyr,Homeira,/Users/stripathy/Downloads/valiante_lab_ephys_mar_2020/L5/Homeira/Total5Homeira-Last-Version - without 2020 Data/2016_01_28_0004.abf,1.8.3.0,20,0,20.0,-4.7,10000,0.2783203125,-69.7,[-400. -350. -300. ...  450.  500.  550.],1,1.2,1.6005,1.0,sweepC,/Users/stripathy/Downloads/valiante_lab_ephys_mar_2020/L5/Homeira/Total5Homeira-Last-Version - without 2020 Data/2016_01_28_0004.abf,10000,0.4006,True
133,2016_01_28_0012.abf,2016-01-28,L5,Pyr,Homeira,/Users/stripathy/Downloads/valiante_lab_ephys_mar_2020/L5/Homeira/Total5Homeira-Last-Version - without 2020 Data/2016_01_28_0012.abf,1.8.3.0,16,0,20.0,-7.0,10000,3.382080078125,-62.5,[-400. -350. -300. ...  250.  300.  350.],1,1.2,1.6005,1.0,sweepC,/Users/stripathy/Downloads/valiante_lab_ephys_mar_2020/L5/Homeira/Total5Homeira-Last-Version - without 2020 Data/2016_01_28_0012.abf,10000,0.4006,True
135,2016_02_04_0009.abf,2016-02-04,L5,Pyr,Homeira,/Users/stripathy/Downloads/valiante_lab_ephys_mar_2020/L5/Homeira/Total5Homeira-Last-Version - without 2020 Data/2016_02_04_0009.abf,1.8.3.0,13,0,20.0,-28.0,10000,2.755126953125,-68.0,[-400. -350. -300. ...  100.  150.  200.],1,1.2,1.6005,1.0,sweepC,/Users/stripathy/Downloads/valiante_lab_ephys_mar_2020/L5/Homeira/Total5Homeira-Last-Version - without 2020 Data/2016_02_04_0009.abf,10000,0.4006,True
136,2016_02_04_0015.abf,2016-02-04,L5,Pyr,Homeira,/Users/stripathy/Downloads/valiante_lab_ephys_mar_2020/L5/Homeira/Total5Homeira-Last-Version - without 2020 Data/2016_02_04_0015.abf,1.8.3.0,17,0,20.0,-12.0,10000,0.355712890625,-57.5,[-400. -350. -300. ...  300.  350.  400.],1,1.2,1.6005,1.0,sweepC,/Users/stripathy/Downloads/valiante_lab_ephys_mar_2020/L5/Homeira/Total5Homeira-Last-Version - without 2020 Data/2016_02_04_0015.abf,10000,0.4006,True
137,2016_02_04_0018.abf,2016-02-04,L5,Pyr,Homeira,/Users/stripathy/Downloads/valiante_lab_ephys_mar_2020/L5/Homeira/Total5Homeira-Last-Version - without 2020 Data/2016_02_04_0018.abf,1.8.3.0,25,0,20.0,-8.8,10000,2.449462890625,-56.8,[-400. -350. -300. ...  700.  750.  800.],1,1.2,1.6005,1.0,sweepC,/Users/stripathy/Downloads/valiante_lab_ephys_mar_2020/L5/Homeira/Total5Homeira-Last-Version - without 2020 Data/2016_02_04_0018.abf,10000,0.4006,True
138,2016_02_04_0021.abf,2016-02-04,L5,Pyr,Homeira,/Users/stripathy/Downloads/valiante_lab_ephys_mar_2020/L5/Homeira/Total5Homeira-Last-Version - without 2020 Data/2016_02_04_0021.abf,1.8.3.0,21,0,20.0,-10.2,10000,1.239013671875,-60.2,[-400. -350. -300. ...  500.  550.  600.],1,1.2,1.6005,1.0,sweepC,/Users/stripathy/Downloads/valiante_lab_ephys_mar_2020/L5/Homeira/Total5Homeira-Last-Version - without 2020 Data/2016_02_04_0021.abf,10000,0.4006,True
139,2016_02_04_0029.abf,2016-02-04,L5,Pyr,Homeira,/Users/stripathy/Downloads/valiante_lab_ephys_mar_2020/L5/Homeira/Total5Homeira-Last-Version - without 2020 Data/2016_02_04_0029.abf,1.8.3.0,16,0,20.0,-9.4,10000,0.426025390625,-64.4,[-400. -350. -300. ...  250.  300.  350.],1,1.2,1.6005,1.0,sweepC,/Users/stripathy/Downloads/valiante_lab_ephys_mar_2020/L5/Homeira/Total5Homeira-Last-Version - without 2020 Data/2016_02_04_0029.abf,10000,0.4006,True
140,2016_02_04_0033.abf,2016-02-04,L5,Pyr,Homeira,/Users/stripathy/Downloads/valiante_lab_ephys_mar_2020/L5/Homeira/Total5Homeira-Last-Version - without 2020 Data/2016_02_04_0033.abf,1.8.3.0,18,0,20.0,-13.5,10000,0.04150390625,-58.5,[-400. -350. -300. ...  350.  400.  450.],1,1.2,1.6005,1.0,sweepC,/Users/stripathy/Downloads/valiante_lab_ephys_mar_2020/L5/Homeira/Total5Homeira-Last-Version - without 2020 Data/2016_02_04_0033.abf,10000,0.4006,True
141,2016_02_04_0042.abf,2016-02-04,L5,Pyr,Homeira,/Users/stripathy/Downloads/valiante_lab_ephys_mar_2020/L5/Homeira/Total5Homeira-Last-Version - without 2020 Data/2016_02_04_0042.abf,1.8.3.0,25,0,20.0,-19.2,10000,6.148681640625,-59.2,[-400. -350. -300. ...  700.  750.  800.],1,1.2,1.6005,1.0,sweepC,/Users/stripathy/Downloads/valiante_lab_ephys_mar_2020/L5/Homeira/Total5Homeira-Last-Version - without 2020 Data/2016_02_04_0042.abf,10000,0.4006,True
142,2016_02_04_0045.abf,2016-02-04,L5,Pyr,Homeira,/Users/stripathy/Downloads/valiante_lab_ephys_mar_2020/L5/Homeira/Total5Homeira-Last-Version - without 2020 Data/2016_02_04_0045.abf,1.8.3.0,19,0,20.0,0.0,10000,0.9602539062500028,-59.2,[-400. -350. -300. ...  400.  450.  500.],1,1.2,1.6005,1.0,sweepC,/Users/stripathy/Downloads/valiante_lab_ephys_mar_2020/L5/Homeira/Total5Homeira-Last-Version - without 2020 Data/2016_02_04_0045.abf,10000,0.4006,True
145,2016_02_25_0073.abf,2016-02-25,L2.3,Pyr,Homeira,/Users/stripathy/Downloads/valiante_lab_ephys_mar_2020/L23/Homeira/Layer 2_Homeira_last version_March _10_2020/Total2Homeira-Lastversion/2016_02_25_0073.abf,1.8.3.0,16,0,20.0,-20.3,16666,0.711669921875,-60.3,[-400. -350. -300. ...  250.  300.  350.],1,0.720028801152046,0.9603384135365415,1.0,sweepC,/Users/stripathy/Downloads/valiante_lab_ephys_mar_2020/L23/Homeira/Layer 2_Homeira_last version_March _10_2020/Total2Homeira-Lastversion/2016_02_25_0073.abf,16666,0.24036961478459137,True
148,2016_02_25_0255.abf,2016-02-25,L2.3,Pyr,Homeira,/Users/stripathy/Downloads/valiante_lab_ephys_mar_2020/L23/Homeira/Layer 2_Homeira_last version_March _10_2020/Total2Homeira-Lastversion/2016_02_25_0255.abf,1.8.3.0,25,0,20.0,-18.1,16666,0.298828125,-62.1,[-400. -350. -300. ...  700.  750.  800.],1,0.720028801152046,0.9603384135365415,1.0,sweepC,/Users/stripathy/Downloads/valiante_lab_ephys_mar_2020/L23/Homeira/Layer 2_Homeira_last version_March _10_2020/Total2Homeira-Lastversion/2016_02_25_0255.abf,16666,0.24036961478459137,True
147,2016_02_25_0134.abf,2016-02-25,L2.3,Pyr,Homeira,/Users/stripathy/Downloads/valiante_lab_ephys_mar_2020/L23/Homeira/Layer 2_Homeira_last version_March _10_2020/Total2Homeira-Lastversion/2016_02_25_0134.abf,1.8.3.0,15,0,20.0,-16.8,16666,0.536865234375,-60.8,[-400. -350. -300. ...  200.  250.  300.],1,0.720028801152046,0.9603384135365415,1.0,sweepC,/Users/stripathy/Downloads/valiante_lab_ephys_mar_2020/L23/Homeira/Layer 2_Homeira_last version_March _10_2020/Total2Homeira-Lastversion/2016_02_25_0134.abf,16666,0.24036961478459137,True
144,2016_02_25_0007.abf,2016-02-25,L2.3,Pyr,Homeira,/Users/stripathy/Downloads/valiante_lab_ephys_mar_2020/L23/Homeira/Layer 2_Homeira_last version_March _10_2020/Total2Homeira-Lastversion/2016_02_25_0007.abf,1.8.3.0,20,0,20.0,-20.0,10000,2.7626953125,-66.0,[-400. -350. -300. ...  450.  500.  550.],1,1.2,1.6005,1.0,sweepC,/Users/stripathy/Downloads/valiante_lab_ephys_mar_2020/L23/Homeira/Layer 2_Homeira_last version_March _10_2020/Total2Homeira-Lastversion/2016_02_25_0007.abf,10000,0.4006,True
143,2016_02_25_0005.abf,2016-02-25,L2.3,Pyr,Homeira,/Users/stripathy/Downloads/valiante_lab_ephys_mar_2020/L23/Homeira/Layer 2_Homeira_last version_March _10_2020/Total2Homeira-Lastversion/2016_02_25_0005.abf,1.8.3.0,25,0,20.0,-16.0,10000,0.76904296875,-66.0,[-400. -350. -300. ...  700.  750.  800.],1,1.2,1.6005,1.0,sweepC,/Users/stripathy/Downloads/valiante_lab_ephys_mar_2020/L23/Homeira/Layer 2_Homeira_last version_March _10_2020/Total2Homeira-Lastversion/2016_02_25_0005.abf,10000,0.4006,True
146,2016_02_25_0082.abf,2016-02-25,L2.3,Pyr,Homeira,/Users/stripathy/Downloads/valiante_lab_ephys_mar_2020/L23/Homeira/Layer 2_Homeira_last version_March _10_2020/Total2Homeira-Lastversion/2016_02_25_0082.abf,1.8.3.0,23,0,20.0,-16.8,16666,0.0732421875,-66.8,[-400. -350. -300. ...  600.  650.  700.],1,0.720028801152046,0.9603384135365415,1.0,sweepC,/Users/stripathy/Downloads/valiante_lab_ephys_mar_2020/L23/Homeira/Layer 2_Homeira_last version_March _10_2020/Total2Homeira-Lastversion/2016_02_25_0082.abf,16666,0.24036961478459137,True
149,2016_02_29_0032.abf,2016-02-29,L5,Pyr,Homeira,/Users/stripathy/Downloads/valiante_lab_ephys_mar_2020/L5/Homeira/Total5Homeira-Last-Version - without 2020 Data/2016_02_29_0032.abf,1.8.3.0,25,0,20.0,-15.4,16666,2.264404296875007,-65.4,[-400. -350. -300. ...  700.  750.  800.],1,0.720028801152046,0.9603384135365415,1.0,sweepC,/Users/stripathy/Downloads/valiante_lab_ephys_mar_2020/L5/Homeira/Total5Homeira-Last-Version - without 2020 Data/2016_02_29_0032.abf,16666,0.24036961478459137,True
150,2016_02_29_0065.abf,2016-02-29,L5,Int,Homeira,/Users/stripathy/Downloads/valiante_lab_ephys_mar_2020/L5/Homeira/Total5Homeira-Last-Version - without 2020 Data/2016_02_29_0065.abf,1.8.3.0,19,0,25.0,-6.8,16666,2.7392578125,-61.8,[-400. -350. -300. ...  400.  450.  500.],1,0.720028801152046,0.9603384135365415,1.0,sweepC,/Users/stripathy/Downloads/valiante_lab_ephys_mar_2020/L5/Homeira/Total5Homeira-Last-Version - without 2020 Data/2016_02_29_0065.abf,16666,0.24036961478459137,True
154,2016_03_01_0047.abf,2016-03-01,L5,Pyr,Homeira,/Users/stripathy/Downloads/valiante_lab_ephys_mar_2020/L5/Homeira/Total5Homeira-Last-Version - without 2020 Data/2016_03_01_0047.abf,1.8.3.0,25,0,20.0,-5.0,16666,0.9472683149952985,-56.6345187943797,[-400. -350. -300. ...  700.  750.  800.],1,0.720028801152046,0.9603384135365415,1.0,sweepC,/Users/stripathy/Downloads/valiante_lab_ephys_mar_2020/L5/Homeira/Total5Homeira-Last-Version - without 2020 Data/2016_03_01_0047.abf,16666,0.24036961478459137,True
151,2016_03_01_0000.abf,2016-03-01,L2.3,Pyr,Homeira,/Users/stripathy/Downloads/valiante_lab_ephys_mar_2020/L23/Homeira/Layer 2_Homeira_last version_March _10_2020/Total2Homeira-Lastversion/2016_03_01_0000.abf,1.8.3.0,25,0,20.0,-20.5,16666,4.27734375,-65.5,[-400. -350. -300. ...  700.  750.  800.],1,0.720028801152046,0.9603384135365415,1.0,sweepC,/Users/stripathy/Downloads/valiante_lab_ephys_mar_2020/L23/Homeira/Layer 2_Homeira_last version_March _10_2020/Total2Homeira-Lastversion/2016_03_01_0000.abf,16666,0.24036961478459137,True
152,2016_03_01_0047.abf,2016-03-01,L5,Pyr,Homeira,/Users/stripathy/Downloads/valiante_lab_ephys_mar_2020/L5/Homeira/Total5Homeira-Last-Version - without 2020 Data/2016_03_01_0047.abf,1.8.3.0,25,0,20.0,-5.0,16666,0.9472683149952985,-56.6345187943797,[-400. -350. -300. ...  700.  750.  800.],1,0.720028801152046,0.9603384135365415,1.0,sweepC,/Users/stripathy/Downloads/valiante_lab_ephys_mar_2020/L5/Homeira/Total5Homeira-Last-Version - without 2020 Data/2016_03_01_0047.abf,16666,0.24036961478459137,True
153,2016_03_01_0047.abf,2016-03-01,L5,Pyr,Homeira,/Users/stripathy/Downloads/valiante_lab_ephys_mar_2020/L5/Homeira/Total5Homeira-Last-Version - without 2020 Data/2016_03_01_0047.abf,1.8.3.0,25,0,20.0,-5.0,16666,0.9472683149952985,-56.6345187943797,[-400. -350. -300. ...  700.  750.  800.],1,0.720028801152046,0.9603384135365415,1.0,sweepC,/Users/stripathy/Downloads/valiante_lab_ephys_mar_2020/L5/Homeira/Total5Homeira-Last-Version - without 2020 Data/2016_03_01_0047.abf,16666,0.24036961478459137,True
155,2016_03_01_0047.abf,2016-03-01,L5,Pyr,Homeira,/Users/stripathy/Downloads/valiante_lab_ephys_mar_2020/L5/Homeira/Total5Homeira-Last-Version - without 2020 Data/2016_03_01_0047.abf,1.8.3.0,25,0,20.0,-5.0,16666,0.9472683149952985,-56.6345187943797,[-400. -350. -300. ...  700.  750.  800.],1,0.720028801152046,0.9603384135365415,1.0,sweepC,/Users/stripathy/Downloads/valiante_lab_ephys_mar_2020/L5/Homeira/Total5Homeira-Last-Version - without 2020 Data/2016_03_01_0047.abf,16666,0.24036961478459137,True
159,2016_03_03_0103.abf,2016-03-03,L2.3,Pyr,Homeira,/Users/stripathy/Downloads/valiante_lab_ephys_mar_2020/L23/Homeira/Layer 2_Homeira_last version_March _10_2020/Total2Homeira-Lastversion/2016_03_03_0103.abf,1.8.3.0,24,0,20.0,-17.7,16666,1.363037109375,-65.7,[-400. -350. -300. ...  650.  700.  750.],1,0.720028801152046,0.9603384135365415,1.0,sweepC,/Users/stripathy/Downloads/valiante_lab_ephys_mar_2020/L23/Homeira/Layer 2_Homeira_last version_March _10_2020/Total2Homeira-Lastversion/2016_03_03_0103.abf,16666,0.24036961478459137,True
158,2016_03_03_0100.abf,2016-03-03,L2.3,Pyr,Homeira,/Users/stripathy/Downloads/valiante_lab_ephys_mar_2020/L23/Homeira/Layer 2_Homeira_last version_March _10_2020/Total2Homeira-Lastversion/2016_03_03_0100.abf,1.8.3.0,18,0,20.0,-12.8,16666,1.9295410156250057,-65.7,[-400. -350. -300. ...  350.  400.  450.],1,0.720028801152046,0.9603384135365415,1.0,sweepC,/Users/stripathy/Downloads/valiante_lab_ephys_mar_2020/L23/Homeira/Layer 2_Homeira_last version_March _10_2020/Total2Homeira-Lastversion/2016_03_03_0100.abf,16666,0.24036961478459137,True
157,2016_03_03_0054.abf,2016-03-03,L2.3,Pyr,Homeira,/Users/stripathy/Downloads/valiante_lab_ephys_mar_2020/L23/Homeira/Layer 2_Homeira_last version_March _10_2020/Total2Homeira-Lastversion/2016_03_03_0054.abf,1.8.3.0,23,0,20.0,-26.3,16666,0.565185546875,-66.3,[-400. -350. -300. ...  600.  650.  700.],1,0.720028801152046,0.9603384135365415,1.0,sweepC,/Users/stripathy/Downloads/valiante_lab_ephys_mar_2020/L23/Homeira/Layer 2_Homeira_last version_March _10_2020/Total2Homeira-Lastversion/2016_03_03_0054.abf,16666,0.24036961478459137,True
156,2016_03_03_0002.abf,2016-03-03,L2.3,Pyr,Homeira,/Users/stripathy/Downloads/valiante_lab_ephys_mar_2020/L23/Homeira/Layer 2_Homeira_last version_March _10_2020/Total2Homeira-Lastversion/2016_03_03_0002.abf,1.8.3.0,25,0,20.0,-18.2,16666,0.777099609375,-66.2,[-400. -350. -300. ...  700.  750.  800.],1,0.720028801152046,0.9603384135365415,1.0,sweepC,/Users/stripathy/Downloads/valiante_lab_ephys_mar_2020/L23/Homeira/Layer 2_Homeira_last version_March _10_2020/Total2Homeira-Lastversion/2016_03_03_0002.abf,16666,0.24036961478459137,True
160,19122022.abf,2019-01-22,L3c,Pyr,Homeira,/Users/stripathy/Downloads/valiante_lab_ephys_mar_2020/L3/L3_March10_2020/19122022.abf,1.8.3.0,16,2,0.25,-19.2,16666,1.5489501953125,-61.2,[-399. -349. -299. ...  251.  300.  351.],3,0.1765,0.7801,0.2,sweepY,/Users/stripathy/Downloads/valiante_lab_ephys_mar_2020/L3/L3_March10_2020/19122022.abf,10000,0.1809,True
161,19122024.abf,2019-01-22,L3c,Pyr,Homeira,/Users/stripathy/Downloads/valiante_lab_ephys_mar_2020/L3/L3_March10_2020/19122024.abf,1.8.3.0,28,2,0.25,-19.2,16666,0.177734375,-63.7,[-599. -550. -499. ...  650.  700.  750.],3,0.4244,0.7805000000000001,0.2,sweepY,/Users/stripathy/Downloads/valiante_lab_ephys_mar_2020/L3/L3_March10_2020/19122024.abf,10000,0.1806,True
162,19122026.abf,2019-01-22,L5,Pyr,Homeira,/Users/stripathy/Downloads/valiante_lab_ephys_mar_2020/L5/Homeira/Total5Homeira-Last-Version - without 2020 Data/19122026.abf,1.8.3.0,16,2,0.25,-24.6,16666,1.240478515625,-60.6,[-399. -350. -299. ...  251.  300.  350.],3,0.3775,0.7805000000000001,0.2,sweepY,/Users/stripathy/Downloads/valiante_lab_ephys_mar_2020/L5/Homeira/Total5Homeira-Last-Version - without 2020 Data/19122026.abf,10000,0.1807,True
170,19128068.abf,2019-01-28,L5,Pyr,Homeira,/Users/stripathy/Downloads/valiante_lab_ephys_mar_2020/L5/Homeira/Total5Homeira-Last-Version - without 2020 Data/19128068.abf,1.8.3.0,17,2,0.25,-20.3,16666,0.0684814453125,-62.3,[-400. -350. -300. ...  301.  351.  401.],3,0.3343,0.7804,0.2,sweepY,/Users/stripathy/Downloads/valiante_lab_ephys_mar_2020/L5/Homeira/Total5Homeira-Last-Version - without 2020 Data/19128068.abf,10000,0.1807,True
169,19128065.abf,2019-01-28,L5,Pyr,Homeira,/Users/stripathy/Downloads/valiante_lab_ephys_mar_2020/L5/Homeira/Total5Homeira-Last-Version - without 2020 Data/19128065.abf,1.8.3.0,17,2,0.25,-18.0,16666,0.81982421875,-66.0,[-399. -349. -299. ...  300.  351.  400.],3,0.2576,0.7803,0.2,sweepY,/Users/stripathy/Downloads/valiante_lab_ephys_mar_2020/L5/Homeira/Total5Homeira-Last-Version - without 2020 Data/19128065.abf,10000,0.1807,True
168,19128061.abf,2019-01-28,L5,Pyr,Homeira,/Users/stripathy/Downloads/valiante_lab_ephys_mar_2020/L5/Homeira/Total5Homeira-Last-Version - without 2020 Data/19128061.abf,1.8.3.0,17,2,0.25,-13.0,16666,1.1201171875,-66.0,[-400. -350. -300. ...  300.  350.  401.],3,0.3257,0.7805000000000001,0.2,sweepY,/Users/stripathy/Downloads/valiante_lab_ephys_mar_2020/L5/Homeira/Total5Homeira-Last-Version - without 2020 Data/19128061.abf,10000,0.1806,True
167,19128044.abf,2019-01-28,L5,Pyr,Homeira,/Users/stripathy/Downloads/valiante_lab_ephys_mar_2020/L5/Homeira/Total5Homeira-Last-Version - without 2020 Data/19128044.abf,1.8.3.0,10,2,0.25,-24.2,16666,0.8917236328125,-64.2,[-399. -350. -299. ...  -49.    0.   51.],3,0.3361,0.7805000000000001,0.2,sweepY,/Users/stripathy/Downloads/valiante_lab_ephys_mar_2020/L5/Homeira/Total5Homeira-Last-Version - without 2020 Data/19128044.abf,10000,0.1806,True
165,19128037.abf,2019-01-28,L5,Pyr,Homeira,/Users/stripathy/Downloads/valiante_lab_ephys_mar_2020/L5/Homeira/Total5Homeira-Last-Version - without 2020 Data/19128037.abf,1.8.3.0,16,2,0.25,-10.1,16666,0.1975097656249929,-64.1,[-399. -350. -300. ...  251.  300.  350.],3,0.2794,0.7805000000000001,0.2,sweepY,/Users/stripathy/Downloads/valiante_lab_ephys_mar_2020/L5/Homeira/Total5Homeira-Last-Version - without 2020 Data/19128037.abf,10000,0.1806,True
164,19128036.abf,2019-01-28,L5,Pyr,Homeira,/Users/stripathy/Downloads/valiante_lab_ephys_mar_2020/L5/Homeira/Total5Homeira-Last-Version - without 2020 Data/19128036.abf,1.8.3.0,15,2,0.25,-10.1,16666,1.357177734374993,-64.1,[-400. -350. -300. ...  201.  251.  301.],3,0.206,0.7805000000000001,0.2,sweepY,/Users/stripathy/Downloads/valiante_lab_ephys_mar_2020/L5/Homeira/Total5Homeira-Last-Version - without 2020 Data/19128036.abf,10000,0.18150000000000002,True
163,19128003.abf,2019-01-28,L5,Pyr,Homeira,/Users/stripathy/Downloads/valiante_lab_ephys_mar_2020/L5/Homeira/Total5Homeira-Last-Version - without 2020 Data/19128003.abf,1.8.3.0,16,2,0.25,-19.4,16666,2.5965332031250057,-62.0,[-399. -350. -300. ...  250.  300.  351.],3,0.3406,0.7797000000000001,0.2,sweepY,/Users/stripathy/Downloads/valiante_lab_ephys_mar_2020/L5/Homeira/Total5Homeira-Last-Version - without 2020 Data/19128003.abf,10000,0.1806,True
166,19128040.abf,2019-01-28,L5,Pyr,Homeira,/Users/stripathy/Downloads/valiante_lab_ephys_mar_2020/L5/Homeira/Total5Homeira-Last-Version - without 2020 Data/19128040.abf,1.8.3.0,17,2,0.25,-12.1,16666,0.4100341796874929,-64.1,[-399. -349. -300. ...  301.  350.  401.],3,0.3607,0.7803,0.2,sweepY,/Users/stripathy/Downloads/valiante_lab_ephys_mar_2020/L5/Homeira/Total5Homeira-Last-Version - without 2020 Data/19128040.abf,10000,0.1807,True
177,19129015.abf,2019-01-29,L5,Pyr,Homeira,/Users/stripathy/Downloads/valiante_lab_ephys_mar_2020/L5/Homeira/Total5Homeira-Last-Version - without 2020 Data/19129015.abf,1.8.3.0,17,2,0.25,-22.7,16666,0.374755859375,-62.7,[-401. -350. -300. ...  301.  351.  400.],3,0.4222,0.7804,0.2,sweepY,/Users/stripathy/Downloads/valiante_lab_ephys_mar_2020/L5/Homeira/Total5Homeira-Last-Version - without 2020 Data/19129015.abf,10000,0.1806,True
180,19129037.abf,2019-01-29,L5,Pyr,Homeira,/Users/stripathy/Downloads/valiante_lab_ephys_mar_2020/L5/Homeira/Total5Homeira-Last-Version - without 2020 Data/19129037.abf,1.8.3.0,15,2,0.25,-16.9,16666,0.1168212890625,-62.9,[-400. -350. -300. ...  200.  250.  299.],3,0.0784,0.7802,0.2,sweepY,/Users/stripathy/Downloads/valiante_lab_ephys_mar_2020/L5/Homeira/Total5Homeira-Last-Version - without 2020 Data/19129037.abf,10000,0.1814,True
179,19129024.abf,2019-01-29,L5,Pyr,Homeira,/Users/stripathy/Downloads/valiante_lab_ephys_mar_2020/L5/Homeira/Total5Homeira-Last-Version - without 2020 Data/19129024.abf,1.8.3.0,17,2,0.25,-18.7,16666,0.3680419921875,-63.7,[-400. -350. -300. ...  299.  349.  400.],3,0.4114,0.7804,0.2,sweepY,/Users/stripathy/Downloads/valiante_lab_ephys_mar_2020/L5/Homeira/Total5Homeira-Last-Version - without 2020 Data/19129024.abf,10000,0.1807,True
178,19129022.abf,2019-01-29,L5,Pyr,Homeira,/Users/stripathy/Downloads/valiante_lab_ephys_mar_2020/L5/Homeira/Total5Homeira-Last-Version - without 2020 Data/19129022.abf,1.8.3.0,17,2,0.25,-15.8,16666,0.6378173828125,-65.8,[-399. -350. -301. ...  300.  350.  400.],3,0.4122,0.7805000000000001,0.2,sweepY,/Users/stripathy/Downloads/valiante_lab_ephys_mar_2020/L5/Homeira/Total5Homeira-Last-Version - without 2020 Data/19129022.abf,10000,0.1806,True
176,19129004.abf,2019-01-29,L5,Pyr,Homeira,/Users/stripathy/Downloads/valiante_lab_ephys_mar_2020/L5/Homeira/Total5Homeira-Last-Version - without 2020 Data/19129004.abf,1.8.3.0,17,2,0.25,-25.9,16666,0.7603759765625,-62.9,[-400. -350. -300. ...  299.  350.  400.],3,0.44,0.7805000000000001,0.2,sweepY,/Users/stripathy/Downloads/valiante_lab_ephys_mar_2020/L5/Homeira/Total5Homeira-Last-Version - without 2020 Data/19129004.abf,10000,0.1807,True
171,19129040.abf,2019-01-29,L3c,Pyr,Homeira,/Users/stripathy/Downloads/valiante_lab_ephys_mar_2020/L3/L3_March10_2020/19129040.abf,1.8.3.0,17,2,0.25,-19.0,16666,0.1226806640625,-66.5,[-399. -351. -300. ...  300.  351.  400.],3,0.4146,0.78,0.2,sweepY,/Users/stripathy/Downloads/valiante_lab_ephys_mar_2020/L3/L3_March10_2020/19129040.abf,10000,0.1806,True
174,19129057.abf,2019-01-29,L2.3,Pyr,Homeira,/Users/stripathy/Downloads/valiante_lab_ephys_mar_2020/L23/Homeira/Layer 2_Homeira_last version_March _10_2020/Total2Homeira-Lastversion/19129057.abf,1.8.3.0,17,2,0.25,-20.7,16666,0.369140625,-67.7,[-399. -350. -300. ...  300.  351.  400.],3,0.4069,0.7805000000000001,0.2,sweepY,/Users/stripathy/Downloads/valiante_lab_ephys_mar_2020/L23/Homeira/Layer 2_Homeira_last version_March _10_2020/Total2Homeira-Lastversion/19129057.abf,10000,0.1806,True
173,19129043.abf,2019-01-29,L3c,Pyr,Homeira,/Users/stripathy/Downloads/valiante_lab_ephys_mar_2020/L3/HumanCortex_L3_March 10_2020/L3/19129043.abf,1.8.3.0,14,2,0.25,,16666,,-65.8,[-400. -349. -299. ...  150.  200.  250.],3,0.4024,0.7805000000000001,0.2,sweepY,/Users/stripathy/Downloads/valiante_lab_ephys_mar_2020/L3/HumanCortex_L3_March 10_2020/L3/19129043.abf,10000,0.1807,True
172,19129047.abf,2019-01-29,L3c,Pyr,Homeira,/Users/stripathy/Downloads/valiante_lab_ephys_mar_2020/L3/L3_March10_2020/19129047.abf,1.8.3.0,17,2,0.25,-16.6,16666,0.4359130859375,-67.1,[-400. -350. -299. ...  300.  350.  401.],3,0.1313,0.7801,0.2,sweepY,/Users/stripathy/Downloads/valiante_lab_ephys_mar_2020/L3/L3_March10_2020/19129047.abf,10000,0.1819,True
175,19129069.abf,2019-01-29,L2.3,Pyr,Homeira,/Users/stripathy/Downloads/valiante_lab_ephys_mar_2020/L3/HumanCortex_L3_March 10_2020/L3/19129069.abf,1.8.3.0,17,2,0.25,-17.2,16666,0.86669921875,-67.2,[-400. -349. -300. ...  299.  349.  400.],3,0.4121,0.7804,0.2,sweepY,/Users/stripathy/Downloads/valiante_lab_ephys_mar_2020/L3/HumanCortex_L3_March 10_2020/L3/19129069.abf,10000,0.18080000000000002,True
187,19320001.abf,2019-03-20,L5,Pyr,Homeira,/Users/stripathy/Downloads/valiante_lab_ephys_mar_2020/L5/Homeira/Total5Homeira-Last-Version - without 2020 Data/19320001.abf,1.8.3.0,17,2,0.25,-15.8,16666,1.7669677734375,-65.8,[-401. -351. -300. ...  299.  350.  400.],3,0.3347,0.7804,0.2,sweepY,/Users/stripathy/Downloads/valiante_lab_ephys_mar_2020/L5/Homeira/Total5Homeira-Last-Version - without 2020 Data/19320001.abf,10000,0.1807,True
189,19320041.abf,2019-03-20,L5,Pyr,Homeira,/Users/stripathy/Downloads/valiante_lab_ephys_mar_2020/L5/Homeira/Total5Homeira-Last-Version - without 2020 Data/19320041.abf,1.8.3.0,17,2,0.25,-15.6,16666,4.282470703125,-61.6,[-400. -350. -300. ...  300.  350.  400.],3,0.3788,0.7804,0.2,sweepY,/Users/stripathy/Downloads/valiante_lab_ephys_mar_2020/L5/Homeira/Total5Homeira-Last-Version - without 2020 Data/19320041.abf,10000,0.1806,True
188,19320007.abf,2019-03-20,L5,Pyr,Homeira,/Users/stripathy/Downloads/valiante_lab_ephys_mar_2020/L5/Homeira/Total5Homeira-Last-Version - without 2020 Data/19320007.abf,1.8.3.0,17,2,0.33,-9.1,16666,5.156982421875,-66.1,[-399. -351. -300. ...  299.  349.  399.],3,0.0998,0.7805000000000001,0.2,sweepY,/Users/stripathy/Downloads/valiante_lab_ephys_mar_2020/L5/Homeira/Total5Homeira-Last-Version - without 2020 Data/19320007.abf,10000,0.1824,True
186,19320030.abf,2019-03-20,L5,Pyr,Homeira,/Users/stripathy/Downloads/valiante_lab_ephys_mar_2020/L5/Homeira/Total5Homeira-Last-Version - without 2020 Data/19320030.abf,1.8.3.0,17,2,0.25,-15.9,16666,1.6143798828125,-65.9,[-399. -350. -300. ...  300.  350.  400.],3,0.3722,0.7805000000000001,0.2,sweepY,/Users/stripathy/Downloads/valiante_lab_ephys_mar_2020/L5/Homeira/Total5Homeira-Last-Version - without 2020 Data/19320030.abf,10000,0.1806,True
183,19320030.abf,2019-03-20,L5,Pyr,Homeira,/Users/stripathy/Downloads/valiante_lab_ephys_mar_2020/L5/Homeira/Total5Homeira-Last-Version - without 2020 Data/19320030.abf,1.8.3.0,17,2,0.25,-15.9,16666,1.6143798828125,-65.9,[-399. -350. -300. ...  300.  350.  400.],3,0.3722,0.7805000000000001,0.2,sweepY,/Users/stripathy/Downloads/valiante_lab_ephys_mar_2020/L5/Homeira/Total5Homeira-Last-Version - without 2020 Data/19320030.abf,10000,0.1806,True
184,19320030.abf,2019-03-20,L5,Pyr,Homeira,/Users/stripathy/Downloads/valiante_lab_ephys_mar_2020/L5/Homeira/Total5Homeira-Last-Version - without 2020 Data/19320030.abf,1.8.3.0,17,2,0.25,-15.9,16666,1.6143798828125,-65.9,[-399. -350. -300. ...  300.  350.  400.],3,0.3722,0.7805000000000001,0.2,sweepY,/Users/stripathy/Downloads/valiante_lab_ephys_mar_2020/L5/Homeira/Total5Homeira-Last-Version - without 2020 Data/19320030.abf,10000,0.1806,True
185,19320030.abf,2019-03-20,L5,Pyr,Homeira,/Users/stripathy/Downloads/valiante_lab_ephys_mar_2020/L5/Homeira/Total5Homeira-Last-Version - without 2020 Data/19320030.abf,1.8.3.0,17,2,0.25,-15.9,16666,1.6143798828125,-65.9,[-399. -350. -300. ...  300.  350.  400.],3,0.3722,0.7805000000000001,0.2,sweepY,/Users/stripathy/Downloads/valiante_lab_ephys_mar_2020/L5/Homeira/Total5Homeira-Last-Version - without 2020 Data/19320030.abf,10000,0.1806,True
182,19320025.abf,2019-03-20,L2.3,Pyr,Homeira,/Users/stripathy/Downloads/valiante_lab_ephys_mar_2020/L23/Homeira/Layer 2_Homeira_last version_March _10_2020/19320025.abf,1.8.3.0,17,2,0.25,-16.0,16666,1.96533203125,-66.0,[-399. -350. -300. ...  300.  350.  400.],3,0.3676,0.7803,0.2,sweepY,/Users/stripathy/Downloads/valiante_lab_ephys_mar_2020/L23/Homeira/Layer 2_Homeira_last version_March _10_2020/19320025.abf,10000,0.1806,True
181,19320024.abf,2019-03-20,L2.3,Pyr,Homeira,/Users/stripathy/Downloads/valiante_lab_ephys_mar_2020/L23/Homeira/Layer 2_Homeira_last version_March _10_2020/19320024.abf,1.8.3.0,17,2,0.25,-15.9,16666,0.3179931640625,-75.9,[-400. -349. -301. ...  300.  351.  401.],3,0.2282,0.7805000000000001,0.2,sweepY,/Users/stripathy/Downloads/valiante_lab_ephys_mar_2020/L23/Homeira/Layer 2_Homeira_last version_March _10_2020/19320024.abf,10000,0.1806,True
190,2019_11_04_0113.abf,2019-11-04,L5,Pyr,Homeira,/Users/stripathy/Downloads/valiante_lab_ephys_mar_2020/L5/Homeira/Total5Homeira-Last-Version - without 2020 Data/2019_11_04_0113.abf,2.6.0.0,16,0,1.0,0.0,20000,3.265382406425502,-69.2138687345505,[-350. -300. -250. ...  300.  350.  400.],1,0.6,0.69205,1.0,sweepC,/Users/stripathy/Downloads/valiante_lab_ephys_mar_2020/L5/Homeira/Total5Homeira-Last-Version - without 2020 Data/2019_11_04_0113.abf,20000,0.0921,True
191,2019_11_26_0006.abf,2019-11-26,L5,Pyr,Homeira,/Users/stripathy/Downloads/valiante_lab_ephys_mar_2020/L5/Homeira/Total5Homeira-Last-Version - with 2020 Data/2019_11_26_0006.abf,2.6.0.0,12,0,1.0,0.0,20000,2.71337890625,-71.5,[-300. -250. -200. ...  150.  200.  250.],1,0.6,0.69205,1.0,sweepC,/Users/stripathy/Downloads/valiante_lab_ephys_mar_2020/L5/Homeira/Total5Homeira-Last-Version - with 2020 Data/2019_11_26_0006.abf,20000,0.0921,True
192,2019_11_26_0094.abf,2019-11-26,L5,Pyr,Homeira,/Users/stripathy/Downloads/valiante_lab_ephys_mar_2020/L5/Homeira/Total5Homeira-Last-Version - with 2020 Data/2019_11_26_0094.abf,2.6.0.0,15,0,1.0,0.0,20000,1.4198730468749972,-65.2,[-300. -250. -200. ...  300.  350.  400.],1,0.6,0.69205,1.0,sweepC,/Users/stripathy/Downloads/valiante_lab_ephys_mar_2020/L5/Homeira/Total5Homeira-Last-Version - with 2020 Data/2019_11_26_0094.abf,20000,0.0921,True
193,2019_11_26_0110.abf,2019-11-26,L5,Pyr,Homeira,/Users/stripathy/Downloads/valiante_lab_ephys_mar_2020/L5/Homeira/Total5Homeira-Last-Version - with 2020 Data/2019_11_26_0110.abf,2.6.0.0,15,0,1.0,0.0,20000,0.0008300781250056843,-65.4,[-300. -250. -200. ...  300.  350.  400.],1,0.6,0.69205,1.0,sweepC,/Users/stripathy/Downloads/valiante_lab_ephys_mar_2020/L5/Homeira/Total5Homeira-Last-Version - with 2020 Data/2019_11_26_0110.abf,20000,0.0921,True
195,2019_11_28_0093.abf,2019-11-28,L3c,Pyr,Homeira,/Users/stripathy/Downloads/valiante_lab_ephys_mar_2020/L3/L3_March10_2020/2019_11_28_0093.abf,2.6.0.0,15,0,1.0,0.0,20000,1.647950680535402,-65.3991713836604,[-300. -250. -200. ...  300.  350.  400.],1,0.6,0.69205,1.0,sweepC,/Users/stripathy/Downloads/valiante_lab_ephys_mar_2020/L3/L3_March10_2020/2019_11_28_0093.abf,20000,0.0921,True
196,2019_11_28_0119.abf,2019-11-28,L5,Int,Homeira,/Users/stripathy/Downloads/valiante_lab_ephys_mar_2020/L5/Homeira/Total5Homeira-Last-Version - with 2020 Data/2019_11_28_0119.abf,2.6.0.0,13,0,1.0,0.0,20000,0.58447265625,-61.0,[-300. -250. -200. ...  200.  250.  300.],1,0.6,0.69205,1.0,sweepC,/Users/stripathy/Downloads/valiante_lab_ephys_mar_2020/L5/Homeira/Total5Homeira-Last-Version - with 2020 Data/2019_11_28_0119.abf,20000,0.0921,True
194,2019_11_28_0079.abf,2019-11-28,L3c,Pyr,Homeira,/Users/stripathy/Downloads/valiante_lab_ephys_mar_2020/L3/L3_March10_2020/2019_11_28_0079.abf,2.6.0.0,15,0,1.0,0.0,20000,0.6803710937499972,-64.2,[-300. -250. -200. ...  300.  350.  400.],1,0.6,0.69205,1.0,sweepC,/Users/stripathy/Downloads/valiante_lab_ephys_mar_2020/L3/L3_March10_2020/2019_11_28_0079.abf,20000,0.0921,True
197,2020_01_06_0017.abf,2020-01-06,L3c,Pyr,Homeira,/Users/stripathy/Downloads/valiante_lab_ephys_mar_2020/L3/L3_March10_2020/2020_01_06_0017.abf,2.6.0.0,17,0,1.0,0.0,20000,1.23486328125,-64.5,[-400. -350. -300. ...  300.  350.  400.],1,0.6,0.69205,1.0,sweepC,/Users/stripathy/Downloads/valiante_lab_ephys_mar_2020/L3/L3_March10_2020/2020_01_06_0017.abf,20000,0.0921,True
198,2020_01_06_0048.abf,2020-01-06,L3c,Pyr,Homeira,/Users/stripathy/Downloads/valiante_lab_ephys_mar_2020/L3/L3_March10_2020/2020_01_06_0048.abf,2.6.0.0,17,0,1.0,0.0,20000,1.6896484374999972,-60.2,[-400. -350. -300. ...  300.  350.  400.],1,0.6,0.69205,1.0,sweepC,/Users/stripathy/Downloads/valiante_lab_ephys_mar_2020/L3/L3_March10_2020/2020_01_06_0048.abf,20000,0.0921,True
199,2020_01_06_0063.abf,2020-01-06,L3c,Pyr,Homeira,/Users/stripathy/Downloads/valiante_lab_ephys_mar_2020/L3/L3_March10_2020/2020_01_06_0063.abf,2.6.0.0,17,0,1.0,0.0,20000,0.14711914062499432,-66.9,[-400. -350. -300. ...  300.  350.  400.],1,0.6,0.69205,1.0,sweepC,/Users/stripathy/Downloads/valiante_lab_ephys_mar_2020/L3/L3_March10_2020/2020_01_06_0063.abf,20000,0.0921,True
200,2020_01_06_0082.abf,2020-01-06,L3c,Pyr,Homeira,/Users/stripathy/Downloads/valiante_lab_ephys_mar_2020/L3/L3_March10_2020/2020_01_06_0082.abf,2.6.0.0,17,0,1.0,0.0,20000,6.114941406249997,-66.7,[-400. -350. -300. ...  300.  350.  400.],1,0.6,0.69205,1.0,sweepC,/Users/stripathy/Downloads/valiante_lab_ephys_mar_2020/L3/L3_March10_2020/2020_01_06_0082.abf,20000,0.0921,True
201,2020_01_06_0090.abf,2020-01-06,L3c,Pyr,Homeira,/Users/stripathy/Downloads/valiante_lab_ephys_mar_2020/L3/L3_March10_2020/2020_01_06_0090.abf,2.6.0.0,17,0,1.0,0.0,20000,3.220410156249997,-65.2,[-400. -350. -300. ...  300.  350.  400.],1,0.6,0.69205,1.0,sweepC,/Users/stripathy/Downloads/valiante_lab_ephys_mar_2020/L3/L3_March10_2020/2020_01_06_0090.abf,20000,0.0921,True
202,2020_01_06_0095.abf,2020-01-06,L3c,Pyr,Homeira,/Users/stripathy/Downloads/valiante_lab_ephys_mar_2020/L3/L3_March10_2020/2020_01_06_0095.abf,2.6.0.0,17,0,1.0,0.0,20000,0.9765641445937945,-73.5778825039688,[-400. -350. -300. ...  300.  350.  400.],1,0.6,0.69205,1.0,sweepC,/Users/stripathy/Downloads/valiante_lab_ephys_mar_2020/L3/L3_March10_2020/2020_01_06_0095.abf,20000,0.0921,True
206,2020_01_27_0042.abf,2020-01-27,L5,Pyr,Homeira,/Users/stripathy/Downloads/valiante_lab_ephys_mar_2020/L3/L3_March10_2020/2020_01_27_0042.abf,2.6.0.0,79,0,1.0,0.0,20000,5.371095204282099,-65.0634780167821,[-300. -290. -280. ...  460.  470.  480.],1,0.6,0.69205,1.0,sweepC,/Users/stripathy/Downloads/valiante_lab_ephys_mar_2020/L3/L3_March10_2020/2020_01_27_0042.abf,20000,0.0921,True
203,2020_01_27_0038.abf,2020-01-27,L3c,Pyr,Homeira,/Users/stripathy/Downloads/valiante_lab_ephys_mar_2020/L3/L3_March10_2020/2020_01_27_0038.abf,2.6.0.0,17,0,1.0,0.0,20000,4.135644531249994,-69.9,[-400. -350. -300. ...  300.  350.  400.],1,0.6,0.69205,1.0,sweepC,/Users/stripathy/Downloads/valiante_lab_ephys_mar_2020/L3/L3_March10_2020/2020_01_27_0038.abf,20000,0.0921,True
204,2020_01_27_0002.abf,2020-01-27,L5,Pyr,Homeira,/Users/stripathy/Downloads/valiante_lab_ephys_mar_2020/L5/Homeira/Total5Homeira-Last-Version - with 2020 Data/2020_01_27_0002.abf,2.6.0.0,17,0,1.0,0.0,20000,6.725634765625003,-74.2,[-400. -350. -300. ...  300.  350.  400.],1,0.6,0.69205,1.0,sweepC,/Users/stripathy/Downloads/valiante_lab_ephys_mar_2020/L5/Homeira/Total5Homeira-Last-Version - with 2020 Data/2020_01_27_0002.abf,20000,0.0921,True
205,2020_01_27_0008.abf,2020-01-27,L5,Pyr,Homeira,/Users/stripathy/Downloads/valiante_lab_ephys_mar_2020/L5/Homeira/Total5Homeira-Last-Version - with 2020 Data/2020_01_27_0008.abf,2.6.0.0,16,0,1.0,0.0,20000,5.753076171874994,-69.9,[-350. -300. -250. ...  300.  350.  400.],1,0.6,0.69205,1.0,sweepC,/Users/stripathy/Downloads/valiante_lab_ephys_mar_2020/L5/Homeira/Total5Homeira-Last-Version - with 2020 Data/2020_01_27_0008.abf,20000,0.0921,True
208,2020_01_28_0017.abf,2020-01-28,L5,Pyr,Homeira,/Users/stripathy/Downloads/valiante_lab_ephys_mar_2020/L5/Homeira/Total5Homeira-Last-Version - with 2020 Data/2020_01_28_0017.abf,2.6.0.0,17,0,1.0,0.0,20000,12.268067928744202,-68.1152358974942,[-400. -350. -300. ...  300.  350.  400.],1,0.6,0.69205,1.0,sweepC,/Users/stripathy/Downloads/valiante_lab_ephys_mar_2020/L5/Homeira/Total5Homeira-Last-Version - with 2020 Data/2020_01_28_0017.abf,20000,0.0921,True
209,2020_01_28_0029.abf,2020-01-28,L5,Pyr,Homeira,/Users/stripathy/Downloads/valiante_lab_ephys_mar_2020/L5/Homeira/Total5Homeira-Last-Version - with 2020 Data/2020_01_28_0029.abf,2.6.0.0,17,0,1.0,0.0,20000,0.03051606927330397,-67.5048843213517,[-400. -350. -300. ...  300.  350.  400.],1,0.6,0.69205,1.0,sweepC,/Users/stripathy/Downloads/valiante_lab_ephys_mar_2020/L5/Homeira/Total5Homeira-Last-Version - with 2020 Data/2020_01_28_0029.abf,20000,0.0921,True
207,2020_01_28_0008.abf,2020-01-28,L5,Pyr,Homeira,/Users/stripathy/Downloads/valiante_lab_ephys_mar_2020/L5/Homeira/Total5Homeira-Last-Version - with 2020 Data/2020_01_28_0008.abf,2.6.0.0,17,0,1.0,0.0,20000,5.345507812500003,-56.3,[-400. -350. -300. ...  300.  350.  400.],1,0.6,0.69205,1.0,sweepC,/Users/stripathy/Downloads/valiante_lab_ephys_mar_2020/L5/Homeira/Total5Homeira-Last-Version - with 2020 Data/2020_01_28_0008.abf,20000,0.0921,True
210,2020_03_02_0023.abf,2020-03-02,L5,Pyr,Homeira,/Users/stripathy/Downloads/valiante_lab_ephys_mar_2020/L5/Homeira/Total5Homeira-Last-Version - with 2020 Data/2020_03_02_0023.abf,2.6.0.0,18,0,1.0,0.0,20000,2.112548828125,-68.0,[-400. -350. -300. ...  350.  400.  450.],1,0.6,0.67435,1.0,sweepC,/Users/stripathy/Downloads/valiante_lab_ephys_mar_2020/L5/Homeira/Total5Homeira-Last-Version - with 2020 Data/2020_03_02_0023.abf,20000,0.07440000000000001,True
